--
-- PostgreSQL database dump
--

-- Dumped from database version 14.15 (Homebrew)
-- Dumped by pg_dump version 14.15 (Homebrew)

SET statement_timeout = 0;
SET lock_timeout = 0;
SET idle_in_transaction_session_timeout = 0;
SET client_encoding = 'UTF8';
SET standard_conforming_strings = on;
SELECT pg_catalog.set_config('search_path', '', false);
SET check_function_bodies = false;
SET xmloption = content;
SET client_min_messages = warning;
SET row_security = off;

SET default_tablespace = '';

SET default_table_access_method = heap;

--
-- Name: auth_group; Type: TABLE; Schema: public; Owner: annart_user
--

CREATE TABLE public.auth_group (
    id integer NOT NULL,
    name character varying(150) NOT NULL
);


ALTER TABLE public.auth_group OWNER TO annart_user;

--
-- Name: auth_group_id_seq; Type: SEQUENCE; Schema: public; Owner: annart_user
--

ALTER TABLE public.auth_group ALTER COLUMN id ADD GENERATED BY DEFAULT AS IDENTITY (
    SEQUENCE NAME public.auth_group_id_seq
    START WITH 1
    INCREMENT BY 1
    NO MINVALUE
    NO MAXVALUE
    CACHE 1
);


--
-- Name: auth_group_permissions; Type: TABLE; Schema: public; Owner: annart_user
--

CREATE TABLE public.auth_group_permissions (
    id bigint NOT NULL,
    group_id integer NOT NULL,
    permission_id integer NOT NULL
);


ALTER TABLE public.auth_group_permissions OWNER TO annart_user;

--
-- Name: auth_group_permissions_id_seq; Type: SEQUENCE; Schema: public; Owner: annart_user
--

ALTER TABLE public.auth_group_permissions ALTER COLUMN id ADD GENERATED BY DEFAULT AS IDENTITY (
    SEQUENCE NAME public.auth_group_permissions_id_seq
    START WITH 1
    INCREMENT BY 1
    NO MINVALUE
    NO MAXVALUE
    CACHE 1
);


--
-- Name: auth_permission; Type: TABLE; Schema: public; Owner: annart_user
--

CREATE TABLE public.auth_permission (
    id integer NOT NULL,
    name character varying(255) NOT NULL,
    content_type_id integer NOT NULL,
    codename character varying(100) NOT NULL
);


ALTER TABLE public.auth_permission OWNER TO annart_user;

--
-- Name: auth_permission_id_seq; Type: SEQUENCE; Schema: public; Owner: annart_user
--

ALTER TABLE public.auth_permission ALTER COLUMN id ADD GENERATED BY DEFAULT AS IDENTITY (
    SEQUENCE NAME public.auth_permission_id_seq
    START WITH 1
    INCREMENT BY 1
    NO MINVALUE
    NO MAXVALUE
    CACHE 1
);


--
-- Name: auth_user; Type: TABLE; Schema: public; Owner: annart_user
--

CREATE TABLE public.auth_user (
    id integer NOT NULL,
    password character varying(128) NOT NULL,
    last_login timestamp with time zone,
    is_superuser boolean NOT NULL,
    username character varying(150) NOT NULL,
    first_name character varying(150) NOT NULL,
    last_name character varying(150) NOT NULL,
    email character varying(254) NOT NULL,
    is_staff boolean NOT NULL,
    is_active boolean NOT NULL,
    date_joined timestamp with time zone NOT NULL
);


ALTER TABLE public.auth_user OWNER TO annart_user;

--
-- Name: auth_user_groups; Type: TABLE; Schema: public; Owner: annart_user
--

CREATE TABLE public.auth_user_groups (
    id bigint NOT NULL,
    user_id integer NOT NULL,
    group_id integer NOT NULL
);


ALTER TABLE public.auth_user_groups OWNER TO annart_user;

--
-- Name: auth_user_groups_id_seq; Type: SEQUENCE; Schema: public; Owner: annart_user
--

ALTER TABLE public.auth_user_groups ALTER COLUMN id ADD GENERATED BY DEFAULT AS IDENTITY (
    SEQUENCE NAME public.auth_user_groups_id_seq
    START WITH 1
    INCREMENT BY 1
    NO MINVALUE
    NO MAXVALUE
    CACHE 1
);


--
-- Name: auth_user_id_seq; Type: SEQUENCE; Schema: public; Owner: annart_user
--

ALTER TABLE public.auth_user ALTER COLUMN id ADD GENERATED BY DEFAULT AS IDENTITY (
    SEQUENCE NAME public.auth_user_id_seq
    START WITH 1
    INCREMENT BY 1
    NO MINVALUE
    NO MAXVALUE
    CACHE 1
);


--
-- Name: auth_user_user_permissions; Type: TABLE; Schema: public; Owner: annart_user
--

CREATE TABLE public.auth_user_user_permissions (
    id bigint NOT NULL,
    user_id integer NOT NULL,
    permission_id integer NOT NULL
);


ALTER TABLE public.auth_user_user_permissions OWNER TO annart_user;

--
-- Name: auth_user_user_permissions_id_seq; Type: SEQUENCE; Schema: public; Owner: annart_user
--

ALTER TABLE public.auth_user_user_permissions ALTER COLUMN id ADD GENERATED BY DEFAULT AS IDENTITY (
    SEQUENCE NAME public.auth_user_user_permissions_id_seq
    START WITH 1
    INCREMENT BY 1
    NO MINVALUE
    NO MAXVALUE
    CACHE 1
);


--
-- Name: django_admin_log; Type: TABLE; Schema: public; Owner: annart_user
--

CREATE TABLE public.django_admin_log (
    id integer NOT NULL,
    action_time timestamp with time zone NOT NULL,
    object_id text,
    object_repr character varying(200) NOT NULL,
    action_flag smallint NOT NULL,
    change_message text NOT NULL,
    content_type_id integer,
    user_id integer NOT NULL,
    CONSTRAINT django_admin_log_action_flag_check CHECK ((action_flag >= 0))
);


ALTER TABLE public.django_admin_log OWNER TO annart_user;

--
-- Name: django_admin_log_id_seq; Type: SEQUENCE; Schema: public; Owner: annart_user
--

ALTER TABLE public.django_admin_log ALTER COLUMN id ADD GENERATED BY DEFAULT AS IDENTITY (
    SEQUENCE NAME public.django_admin_log_id_seq
    START WITH 1
    INCREMENT BY 1
    NO MINVALUE
    NO MAXVALUE
    CACHE 1
);


--
-- Name: django_content_type; Type: TABLE; Schema: public; Owner: annart_user
--

CREATE TABLE public.django_content_type (
    id integer NOT NULL,
    app_label character varying(100) NOT NULL,
    model character varying(100) NOT NULL
);


ALTER TABLE public.django_content_type OWNER TO annart_user;

--
-- Name: django_content_type_id_seq; Type: SEQUENCE; Schema: public; Owner: annart_user
--

ALTER TABLE public.django_content_type ALTER COLUMN id ADD GENERATED BY DEFAULT AS IDENTITY (
    SEQUENCE NAME public.django_content_type_id_seq
    START WITH 1
    INCREMENT BY 1
    NO MINVALUE
    NO MAXVALUE
    CACHE 1
);


--
-- Name: django_migrations; Type: TABLE; Schema: public; Owner: annart_user
--

CREATE TABLE public.django_migrations (
    id bigint NOT NULL,
    app character varying(255) NOT NULL,
    name character varying(255) NOT NULL,
    applied timestamp with time zone NOT NULL
);


ALTER TABLE public.django_migrations OWNER TO annart_user;

--
-- Name: django_migrations_id_seq; Type: SEQUENCE; Schema: public; Owner: annart_user
--

ALTER TABLE public.django_migrations ALTER COLUMN id ADD GENERATED BY DEFAULT AS IDENTITY (
    SEQUENCE NAME public.django_migrations_id_seq
    START WITH 1
    INCREMENT BY 1
    NO MINVALUE
    NO MAXVALUE
    CACHE 1
);


--
-- Name: django_session; Type: TABLE; Schema: public; Owner: annart_user
--

CREATE TABLE public.django_session (
    session_key character varying(40) NOT NULL,
    session_data text NOT NULL,
    expire_date timestamp with time zone NOT NULL
);


ALTER TABLE public.django_session OWNER TO annart_user;

--
-- Name: main_guaranteeitem; Type: TABLE; Schema: public; Owner: annart_user
--

CREATE TABLE public.main_guaranteeitem (
    id bigint NOT NULL,
    title character varying(255) NOT NULL,
    description text NOT NULL,
    "order" integer NOT NULL,
    CONSTRAINT main_guaranteeitem_order_check CHECK (("order" >= 0))
);


ALTER TABLE public.main_guaranteeitem OWNER TO annart_user;

--
-- Name: main_guaranteeitem_id_seq; Type: SEQUENCE; Schema: public; Owner: annart_user
--

ALTER TABLE public.main_guaranteeitem ALTER COLUMN id ADD GENERATED BY DEFAULT AS IDENTITY (
    SEQUENCE NAME public.main_guaranteeitem_id_seq
    START WITH 1
    INCREMENT BY 1
    NO MINVALUE
    NO MAXVALUE
    CACHE 1
);


--
-- Name: main_materialimages; Type: TABLE; Schema: public; Owner: annart_user
--

CREATE TABLE public.main_materialimages (
    id bigint NOT NULL,
    image character varying(100) NOT NULL,
    name character varying(100)
);


ALTER TABLE public.main_materialimages OWNER TO annart_user;

--
-- Name: main_images_id_seq; Type: SEQUENCE; Schema: public; Owner: annart_user
--

ALTER TABLE public.main_materialimages ALTER COLUMN id ADD GENERATED BY DEFAULT AS IDENTITY (
    SEQUENCE NAME public.main_images_id_seq
    START WITH 1
    INCREMENT BY 1
    NO MINVALUE
    NO MAXVALUE
    CACHE 1
);


--
-- Name: main_installmentinfo; Type: TABLE; Schema: public; Owner: annart_user
--

CREATE TABLE public.main_installmentinfo (
    id bigint NOT NULL,
    title character varying(255) NOT NULL,
    paragraph1 text NOT NULL,
    paragraph2 text NOT NULL,
    paragraph3 text NOT NULL,
    button_text character varying(100) NOT NULL,
    button_link character varying(255) NOT NULL
);


ALTER TABLE public.main_installmentinfo OWNER TO annart_user;

--
-- Name: main_installmentinfo_id_seq; Type: SEQUENCE; Schema: public; Owner: annart_user
--

ALTER TABLE public.main_installmentinfo ALTER COLUMN id ADD GENERATED BY DEFAULT AS IDENTITY (
    SEQUENCE NAME public.main_installmentinfo_id_seq
    START WITH 1
    INCREMENT BY 1
    NO MINVALUE
    NO MAXVALUE
    CACHE 1
);


--
-- Name: main_materialcategory; Type: TABLE; Schema: public; Owner: annart_user
--

CREATE TABLE public.main_materialcategory (
    id bigint NOT NULL,
    name character varying(100) NOT NULL,
    description text,
    "order" integer,
    image character varying(100) NOT NULL,
    description_en text,
    description_ru text,
    name_en character varying(100),
    name_ru character varying(100),
    description_uz text,
    name_uz character varying(100),
    CONSTRAINT main_materialcategory_order_f28ae48b_check CHECK (("order" >= 0))
);


ALTER TABLE public.main_materialcategory OWNER TO annart_user;

--
-- Name: main_materialcategory_id_seq; Type: SEQUENCE; Schema: public; Owner: annart_user
--

ALTER TABLE public.main_materialcategory ALTER COLUMN id ADD GENERATED BY DEFAULT AS IDENTITY (
    SEQUENCE NAME public.main_materialcategory_id_seq
    START WITH 1
    INCREMENT BY 1
    NO MINVALUE
    NO MAXVALUE
    CACHE 1
);


--
-- Name: main_materialitem; Type: TABLE; Schema: public; Owner: annart_user
--

CREATE TABLE public.main_materialitem (
    id bigint NOT NULL,
    title character varying(255) NOT NULL,
    description text,
    image character varying(100),
    "order" integer,
    category_id bigint NOT NULL,
    description_en text,
    description_ru text,
    title_en character varying(255),
    title_ru character varying(255),
    description_uz text,
    title_uz character varying(255),
    CONSTRAINT main_materialitem_order_check CHECK (("order" >= 0))
);


ALTER TABLE public.main_materialitem OWNER TO annart_user;

--
-- Name: main_materialitem_additional_images; Type: TABLE; Schema: public; Owner: annart_user
--

CREATE TABLE public.main_materialitem_additional_images (
    id bigint NOT NULL,
    materialitem_id bigint NOT NULL,
    materialimages_id bigint NOT NULL
);


ALTER TABLE public.main_materialitem_additional_images OWNER TO annart_user;

--
-- Name: main_materialitem_additional_images_id_seq; Type: SEQUENCE; Schema: public; Owner: annart_user
--

ALTER TABLE public.main_materialitem_additional_images ALTER COLUMN id ADD GENERATED BY DEFAULT AS IDENTITY (
    SEQUENCE NAME public.main_materialitem_additional_images_id_seq
    START WITH 1
    INCREMENT BY 1
    NO MINVALUE
    NO MAXVALUE
    CACHE 1
);


--
-- Name: main_materialitem_id_seq; Type: SEQUENCE; Schema: public; Owner: annart_user
--

ALTER TABLE public.main_materialitem ALTER COLUMN id ADD GENERATED BY DEFAULT AS IDENTITY (
    SEQUENCE NAME public.main_materialitem_id_seq
    START WITH 1
    INCREMENT BY 1
    NO MINVALUE
    NO MAXVALUE
    CACHE 1
);


--
-- Name: main_partners; Type: TABLE; Schema: public; Owner: annart_user
--

CREATE TABLE public.main_partners (
    id bigint NOT NULL,
    name character varying(100),
    "order" integer,
    image character varying(100) NOT NULL,
    CONSTRAINT main_partners_order_check CHECK (("order" >= 0))
);


ALTER TABLE public.main_partners OWNER TO annart_user;

--
-- Name: main_partners_id_seq; Type: SEQUENCE; Schema: public; Owner: annart_user
--

ALTER TABLE public.main_partners ALTER COLUMN id ADD GENERATED BY DEFAULT AS IDENTITY (
    SEQUENCE NAME public.main_partners_id_seq
    START WITH 1
    INCREMENT BY 1
    NO MINVALUE
    NO MAXVALUE
    CACHE 1
);


--
-- Name: main_projectimages; Type: TABLE; Schema: public; Owner: annart_user
--

CREATE TABLE public.main_projectimages (
    id bigint NOT NULL,
    image character varying(100) NOT NULL,
    name character varying(100)
);


ALTER TABLE public.main_projectimages OWNER TO annart_user;

--
-- Name: main_projectimages_id_seq; Type: SEQUENCE; Schema: public; Owner: annart_user
--

ALTER TABLE public.main_projectimages ALTER COLUMN id ADD GENERATED BY DEFAULT AS IDENTITY (
    SEQUENCE NAME public.main_projectimages_id_seq
    START WITH 1
    INCREMENT BY 1
    NO MINVALUE
    NO MAXVALUE
    CACHE 1
);


--
-- Name: main_projectitem; Type: TABLE; Schema: public; Owner: annart_user
--

CREATE TABLE public.main_projectitem (
    id bigint NOT NULL,
    title character varying(255) NOT NULL,
    description text,
    image character varying(100) NOT NULL,
    "order" integer,
    category character varying(20) NOT NULL,
    description_en text,
    description_ru text,
    title_en character varying(255),
    title_ru character varying(255),
    square_meters smallint,
    description_uz text,
    title_uz character varying(255),
    CONSTRAINT main_projectitem_order_check CHECK (("order" >= 0))
);


ALTER TABLE public.main_projectitem OWNER TO annart_user;

--
-- Name: main_projectitem_additional_images; Type: TABLE; Schema: public; Owner: annart_user
--

CREATE TABLE public.main_projectitem_additional_images (
    id bigint NOT NULL,
    projectitem_id bigint NOT NULL,
    projectimages_id bigint NOT NULL
);


ALTER TABLE public.main_projectitem_additional_images OWNER TO annart_user;

--
-- Name: main_projectitem_additional_images_id_seq; Type: SEQUENCE; Schema: public; Owner: annart_user
--

ALTER TABLE public.main_projectitem_additional_images ALTER COLUMN id ADD GENERATED BY DEFAULT AS IDENTITY (
    SEQUENCE NAME public.main_projectitem_additional_images_id_seq
    START WITH 1
    INCREMENT BY 1
    NO MINVALUE
    NO MAXVALUE
    CACHE 1
);


--
-- Name: main_projectitem_id_seq; Type: SEQUENCE; Schema: public; Owner: annart_user
--

ALTER TABLE public.main_projectitem ALTER COLUMN id ADD GENERATED BY DEFAULT AS IDENTITY (
    SEQUENCE NAME public.main_projectitem_id_seq
    START WITH 1
    INCREMENT BY 1
    NO MINVALUE
    NO MAXVALUE
    CACHE 1
);


--
-- Name: main_serviceitem; Type: TABLE; Schema: public; Owner: annart_user
--

CREATE TABLE public.main_serviceitem (
    id bigint NOT NULL,
    title character varying(255) NOT NULL,
    description text NOT NULL,
    details text NOT NULL,
    "order" integer NOT NULL,
    description_en text,
    description_ru text,
    title_en character varying(255),
    title_ru character varying(255),
    description_uz text,
    title_uz character varying(255),
    CONSTRAINT main_serviceitem_order_check CHECK (("order" >= 0))
);


ALTER TABLE public.main_serviceitem OWNER TO annart_user;

--
-- Name: main_serviceitem_id_seq; Type: SEQUENCE; Schema: public; Owner: annart_user
--

ALTER TABLE public.main_serviceitem ALTER COLUMN id ADD GENERATED BY DEFAULT AS IDENTITY (
    SEQUENCE NAME public.main_serviceitem_id_seq
    START WITH 1
    INCREMENT BY 1
    NO MINVALUE
    NO MAXVALUE
    CACHE 1
);


--
-- Name: main_styleitem; Type: TABLE; Schema: public; Owner: annart_user
--

CREATE TABLE public.main_styleitem (
    id bigint NOT NULL,
    title character varying(255) NOT NULL,
    description text NOT NULL,
    image character varying(100) NOT NULL,
    "order" integer NOT NULL,
    description_en text,
    description_ru text,
    title_en character varying(255),
    title_ru character varying(255),
    description_uz text,
    title_uz character varying(255),
    CONSTRAINT main_styleitem_order_check CHECK (("order" >= 0))
);


ALTER TABLE public.main_styleitem OWNER TO annart_user;

--
-- Name: main_styleitem_id_seq; Type: SEQUENCE; Schema: public; Owner: annart_user
--

ALTER TABLE public.main_styleitem ALTER COLUMN id ADD GENERATED BY DEFAULT AS IDENTITY (
    SEQUENCE NAME public.main_styleitem_id_seq
    START WITH 1
    INCREMENT BY 1
    NO MINVALUE
    NO MAXVALUE
    CACHE 1
);


--
-- Data for Name: auth_group; Type: TABLE DATA; Schema: public; Owner: annart_user
--

COPY public.auth_group (id, name) FROM stdin;
\.


--
-- Data for Name: auth_group_permissions; Type: TABLE DATA; Schema: public; Owner: annart_user
--

COPY public.auth_group_permissions (id, group_id, permission_id) FROM stdin;
\.


--
-- Data for Name: auth_permission; Type: TABLE DATA; Schema: public; Owner: annart_user
--

COPY public.auth_permission (id, name, content_type_id, codename) FROM stdin;
1	Can add log entry	1	add_logentry
2	Can change log entry	1	change_logentry
3	Can delete log entry	1	delete_logentry
4	Can view log entry	1	view_logentry
5	Can add permission	2	add_permission
6	Can change permission	2	change_permission
7	Can delete permission	2	delete_permission
8	Can view permission	2	view_permission
9	Can add group	3	add_group
10	Can change group	3	change_group
11	Can delete group	3	delete_group
12	Can view group	3	view_group
13	Can add user	4	add_user
14	Can change user	4	change_user
15	Can delete user	4	delete_user
16	Can view user	4	view_user
17	Can add content type	5	add_contenttype
18	Can change content type	5	change_contenttype
19	Can delete content type	5	delete_contenttype
20	Can view content type	5	view_contenttype
21	Can add session	6	add_session
22	Can change session	6	change_session
23	Can delete session	6	delete_session
24	Can view session	6	view_session
25	Can add guarantee item	7	add_guaranteeitem
26	Can change guarantee item	7	change_guaranteeitem
27	Can delete guarantee item	7	delete_guaranteeitem
28	Can view guarantee item	7	view_guaranteeitem
29	Can add installment info	8	add_installmentinfo
30	Can change installment info	8	change_installmentinfo
31	Can delete installment info	8	delete_installmentinfo
32	Can view installment info	8	view_installmentinfo
33	Can add Материал	9	add_materialitem
34	Can change Материал	9	change_materialitem
35	Can delete Материал	9	delete_materialitem
36	Can view Материал	9	view_materialitem
37	Can add Проект	10	add_projectitem
38	Can change Проект	10	change_projectitem
39	Can delete Проект	10	delete_projectitem
40	Can view Проект	10	view_projectitem
41	Can add Услуга	11	add_serviceitem
42	Can change Услуга	11	change_serviceitem
43	Can delete Услуга	11	delete_serviceitem
44	Can view Услуга	11	view_serviceitem
45	Can add Стиль	12	add_styleitem
46	Can change Стиль	12	change_styleitem
47	Can delete Стиль	12	delete_styleitem
48	Can view Стиль	12	view_styleitem
49	Can add Категория материала	13	add_materialcategory
50	Can change Категория материала	13	change_materialcategory
51	Can delete Категория материала	13	delete_materialcategory
52	Can view Категория материала	13	view_materialcategory
53	Can add Партнер	14	add_partners
54	Can change Партнер	14	change_partners
55	Can delete Партнер	14	delete_partners
56	Can view Партнер	14	view_partners
57	Can add Фото проекта	15	add_projectimages
58	Can change Фото проекта	15	change_projectimages
59	Can delete Фото проекта	15	delete_projectimages
60	Can view Фото проекта	15	view_projectimages
61	Can add Фото материала	16	add_materialimages
62	Can change Фото материала	16	change_materialimages
63	Can delete Фото материала	16	delete_materialimages
64	Can view Фото материала	16	view_materialimages
\.


--
-- Data for Name: auth_user; Type: TABLE DATA; Schema: public; Owner: annart_user
--

COPY public.auth_user (id, password, last_login, is_superuser, username, first_name, last_name, email, is_staff, is_active, date_joined) FROM stdin;
\.


--
-- Data for Name: auth_user_groups; Type: TABLE DATA; Schema: public; Owner: annart_user
--

COPY public.auth_user_groups (id, user_id, group_id) FROM stdin;
\.


--
-- Data for Name: auth_user_user_permissions; Type: TABLE DATA; Schema: public; Owner: annart_user
--

COPY public.auth_user_user_permissions (id, user_id, permission_id) FROM stdin;
\.


--
-- Data for Name: django_admin_log; Type: TABLE DATA; Schema: public; Owner: annart_user
--

COPY public.django_admin_log (id, action_time, object_id, object_repr, action_flag, change_message, content_type_id, user_id) FROM stdin;
\.


--
-- Data for Name: django_content_type; Type: TABLE DATA; Schema: public; Owner: annart_user
--

COPY public.django_content_type (id, app_label, model) FROM stdin;
1	admin	logentry
2	auth	permission
3	auth	group
4	auth	user
5	contenttypes	contenttype
6	sessions	session
7	main	guaranteeitem
8	main	installmentinfo
9	main	materialitem
10	main	projectitem
11	main	serviceitem
12	main	styleitem
13	main	materialcategory
14	main	partners
15	main	projectimages
16	main	materialimages
\.


--
-- Data for Name: django_migrations; Type: TABLE DATA; Schema: public; Owner: annart_user
--

COPY public.django_migrations (id, app, name, applied) FROM stdin;
1	contenttypes	0001_initial	2025-07-18 19:15:48.684335+05
2	auth	0001_initial	2025-07-18 19:15:48.718805+05
3	admin	0001_initial	2025-07-18 19:15:48.728134+05
4	admin	0002_logentry_remove_auto_add	2025-07-18 19:15:48.731263+05
5	admin	0003_logentry_add_action_flag_choices	2025-07-18 19:15:48.734278+05
6	contenttypes	0002_remove_content_type_name	2025-07-18 19:15:48.741801+05
7	auth	0002_alter_permission_name_max_length	2025-07-18 19:15:48.745545+05
8	auth	0003_alter_user_email_max_length	2025-07-18 19:15:48.749639+05
9	auth	0004_alter_user_username_opts	2025-07-18 19:15:48.752632+05
10	auth	0005_alter_user_last_login_null	2025-07-18 19:15:48.755986+05
11	auth	0006_require_contenttypes_0002	2025-07-18 19:15:48.757027+05
12	auth	0007_alter_validators_add_error_messages	2025-07-18 19:15:48.760637+05
13	auth	0008_alter_user_username_max_length	2025-07-18 19:15:48.767124+05
14	auth	0009_alter_user_last_name_max_length	2025-07-18 19:15:48.771025+05
15	auth	0010_alter_group_name_max_length	2025-07-18 19:15:48.77542+05
16	auth	0011_update_proxy_permissions	2025-07-18 19:15:48.778792+05
17	auth	0012_alter_user_first_name_max_length	2025-07-18 19:15:48.783856+05
18	main	0001_initial	2025-07-18 19:15:48.805812+05
19	main	0002_materialcategory_alter_materialitem_title	2025-07-18 19:15:48.814518+05
20	main	0003_materialitem_category	2025-07-18 19:15:48.819206+05
21	main	0004_alter_materialcategory_options_and_more	2025-07-18 19:15:48.825035+05
22	main	0005_alter_materialcategory_options_and_more	2025-07-18 19:15:48.837251+05
23	main	0006_alter_materialitem_options_alter_projectitem_options_and_more	2025-07-18 19:15:48.840512+05
24	main	0007_alter_materialcategory_description_and_more	2025-07-18 19:15:48.84416+05
25	main	0008_alter_materialcategory_image	2025-07-18 19:15:48.846161+05
26	main	0009_alter_materialitem_description_and_more	2025-07-18 19:15:48.849966+05
27	main	0010_partners_alter_serviceitem_options	2025-07-18 19:15:48.855109+05
28	main	0011_alter_projectitem_order	2025-07-18 19:15:48.857242+05
29	main	0012_projectitem_category	2025-07-18 19:15:48.8596+05
30	main	0013_alter_materialcategory_options_and_more	2025-07-18 19:15:48.86426+05
31	main	0014_materialcategory_description_en_and_more	2025-07-18 19:15:48.887157+05
32	main	0015_images_materialitem_additional_images_and_more	2025-07-18 19:15:48.91007+05
33	main	0016_alter_images_image	2025-07-18 19:15:48.913626+05
34	main	0017_projectitem_square_meters	2025-07-18 19:15:48.917249+05
35	main	0018_projectimages_rename_images_materialimages_and_more	2025-07-18 19:15:48.946879+05
36	main	0019_materialimages_name_projectimages_name_and_more	2025-07-18 19:15:48.957104+05
37	main	0020_alter_materialimages_name_alter_projectimages_name	2025-07-18 19:15:48.966535+05
38	main	0021_serviceitem_description_en_and_more	2025-07-18 19:15:48.972357+05
39	main	0022_alter_materialimages_options_and_more	2025-07-18 19:15:48.976322+05
40	main	0023_materialcategory_description_uz_and_more	2025-07-18 19:15:48.994476+05
41	sessions	0001_initial	2025-07-18 19:15:49.001073+05
\.


--
-- Data for Name: django_session; Type: TABLE DATA; Schema: public; Owner: annart_user
--

COPY public.django_session (session_key, session_data, expire_date) FROM stdin;
\.


--
-- Data for Name: main_guaranteeitem; Type: TABLE DATA; Schema: public; Owner: annart_user
--

COPY public.main_guaranteeitem (id, title, description, "order") FROM stdin;
\.


--
-- Data for Name: main_installmentinfo; Type: TABLE DATA; Schema: public; Owner: annart_user
--

COPY public.main_installmentinfo (id, title, paragraph1, paragraph2, paragraph3, button_text, button_link) FROM stdin;
\.


--
-- Data for Name: main_materialcategory; Type: TABLE DATA; Schema: public; Owner: annart_user
--

COPY public.main_materialcategory (id, name, description, "order", image, description_en, description_ru, name_en, name_ru, description_uz, name_uz) FROM stdin;
1	Черновые материалы и инструменты	\N	99	category_images/style_images/chernovik_focjdcq_kvvu6nk_hzE9IMy.webp	\N	\N	Rough Construction Materials & Tools	Черновые материалы и инструменты	\N	Qora materiallar va asbob-uskunalar
2	Отделочные материалы	\N	2	category_images/style_images/remont1_876_8crvgfs_cddgbqr_csMldgo.webp	\N	\N	Finishing Materials	Отделочные материалы	\N	Bezash materiallari
3	Потолочные решения	\N	99	category_images/style_images/potolok_nywmtkt_62zlhmp_Uuhf54u.webp	\N	\N	Ceiling Solutions	Потолочные решения	\N	Shift yechimlari
4	Окна и двери	\N	4	category_images/style_images/okna_ei37qc7_roa6fwt_Xa4GcZR.webp	\N	\N	Windows & Doors	Окна и двери	\N	Oynalar va eshiklar
5	Санитарно-техническое	\N	1	category_images/style_images/sanitar_rzqy7eo_jfvloff_MJlpB43.webp	\N	\N	Sanitary Ware	Санитарно-техническое	\N	Santexnika
6	Кухня	\N	99	category_images/style_images/kuxnya_qjiss9r_o3c4duj_WATWsrE.webp	\N	\N	Kitchen	Кухня	\N	Oshxona
7	Электрика и освещение	\N	3	category_images/style_images/osvesheniya_asy812u_ak0u6ah_ea7iGyO.webp	\N	\N	Electrical & Lighting	Электрика и освещение	\N	Elektrika va yoritish
8	Декор и аксессуары	\N	99	category_images/style_images/dekor_z0udkfp_uposcca_1NKFnqz.webp	\N	\N	Decor & Accessories	Декор и аксессуары	\N	Dekor va aksessuarlar
9	Мебель	\N	4	category_images/style_images/mebel_hl9y0kp_v3wqclo_rMnz4dQ.webp	\N	\N	Furniture	Мебель	\N	Mebel
\.


--
-- Data for Name: main_materialimages; Type: TABLE DATA; Schema: public; Owner: annart_user
--

COPY public.main_materialimages (id, image, name) FROM stdin;
1	materials/style_images/svetilniki_pprd6vo_kru3brx_fj5bIDz.webp	Perforator
2	materials/style_images/681_original_ig17dpo_I82HGm2.webp	Perforator
3	materials/style_images/kraski_6haxnwb_oiex1iR.webp	Perforator
4	materials/style_images/svetilniki_jjvanya_5yVwhWT.webp	Perforator
\.


--
-- Data for Name: main_materialitem; Type: TABLE DATA; Schema: public; Owner: annart_user
--

COPY public.main_materialitem (id, title, description, image, "order", category_id, description_en, description_ru, title_en, title_ru, description_uz, title_uz) FROM stdin;
1	Перфоратор	Профессиональный набор для точной и безопасной работы\r\nTest, Test, Test, Test, Test, Test	materials/style_images/2025-07-14-113807_nfi8kyi_xzbttjm_nkifz0k_vvnhswu_ZmApmLy.webp	0	1	Professional toolset for precise and safe work\r\nProfessional toolset for precise and safe work\r\nProfessional toolset for precise and safe work\r\nProfessional toolset for precise and safe work\r\nProfessional toolset for precise and safe work	Профессиональный набор для точной и безопасной работы\r\nTest, Test, Test, Test, Test, Test	Rotary Hammer	Перфоратор	Aniqlik va xavfsizlik uchun professional asboblar	Perforator (urovchi)
2	Шпатлёвка	Качественное выравнивание стен под отделку	materials/style_images/shpatlevka_y1syvjk_qtlpprw_1sqtuGe.webp	0	1	High-quality wall leveling for finishing	Качественное выравнивание стен под отделку	Putty	Шпатлёвка	Pardozlash uchun devorlarni sifatli tekislash	Shpaklyovka
3	Цемент	Надёжная основа для прочных конструкци	materials/style_images/sement_xahjg3j_04hewyn_N0HrYyh.webp	0	1	Reliable base for solid structures	Надёжная основа для прочных конструкци	Cement	Цемент	Mustahkam konstruksiyalar uchun ishonchli asos	Sement
4	Кабель	Безопасная и долговечная электропроводка	materials/style_images/kabel_q7749sl_rc2l8rg_a7uFz3U.webp	0	1	Safe and long-lasting electrical wiring	Безопасная и долговечная электропроводка	Cable	Кабель	Xavfsiz va uzoq muddatli elektr simlari	Kabel
5	Трубы, фитинг	Герметичные системы водоснабжения и отопления	materials/style_images/truba_vhpgetu_6zqf4qv_FzKC195.webp	0	1	Leak-proof systems for water supply and heating	Герметичные системы водоснабжения и отопления	Pipes, Fittings	Трубы, фитинг	Suv ta’minoti va isitish tizimlari uchun germetik yechimlar	Quvurlar va fitinglar
6	Болгарка	Профессиональный набор для точной и безопасной работы	materials/style_images/bolgarka_ftxcuju_pjgdffb_CrV6MN9.webp	0	1	Professional toolset for precise and safe work	Профессиональный набор для точной и безопасной работы	Angle Grinder	Болгарка	Aniqlik va xavfsizlik uchun professional asboblar	Bolgar (ushlatuvchi)
7	Пленка ПВХ	стойкое покрытие для защиты и декора	materials/style_images/681_original_qbahbcn_q2dGLag.webp	0	2	Resistant coating for protection and decoration	стойкое покрытие для защиты и декора	PVC Film	Пленка ПВХ	Himoya va dekor uchun chidamli qoplama	PVX plyonka
8	Ламинат	Износостойкие и стильные напольные покрытия	materials/style_images/lamina_mdgwpde_3XF9Sti.webp	0	2	Durable and stylish flooring	Износостойкие и стильные напольные покрытия	Laminate	Ламинат	Chidamli va zamonaviy pol qoplamalari	Laminat
9	Паркет	Износостойкие и стильные напольные покрытия	materials/style_images/parket_bv7dqs4_TifLIKP.webp	0	2	Durable and stylish flooring	Износостойкие и стильные напольные покрытия	Parquet	Паркет	Chidamli va zamonaviy pol qoplamalari	Parket
10	Керамическая плитка	Для интерьеров и стен	materials/style_images/ker-prita_y6fys6c_6ebREwt.webp	0	2	For interiors and walls	Для интерьеров и стен	Ceramic Tiles	Керамическая плитка	Interyer va devorlar uchun	Keramik plitka
11	Керамогранит	Для прочных и износостойких покрытий	materials/style_images/keramagr_u4ex6jo_gmABxjS.webp	0	2	For strong and wear-resistant surfaces	Для прочных и износостойких покрытий	Porcelain Stoneware	Керамогранит	Mustahkam va chidamli qoplamalar uchun	Keramogranit
12	Обои	Качественные текстуры и цвета для интерьера	materials/style_images/oboi_rfb2pqv_yD3295O.webp	0	2	High-quality textures and colors for interiors	Качественные текстуры и цвета для интерьера	Wallpaper	Обои	Interyer uchun sifatli teksturalar va ranglar	Oboylar
13	Краски	Стойкие покрытия с ровным нанесением	materials/style_images/kraski_zhyhs3q_ry1hkAb.webp	0	2	Durable coatings with smooth application	Стойкие покрытия с ровным нанесением	Paints	Краски	Bir tekis qo‘llanadigan chidamli qoplamalar	Bo‘yoqlar
14	Декоративная штукатурка	Премиальная фактурная отделка	materials/style_images/dekor_ax7odi6_202pj34.webp	0	2	Premium textured finishing	Премиальная фактурная отделка	Decorative Plaster	Декоративная штукатурка	Premium darajadagi teksturali pardozlash	Dekorativ suvo
15	Плитка	Проверенное решение для стен и полов	materials/style_images/plitka_wooutke_a1yYlox.webp	0	2	Proven solution for walls and floors	Проверенное решение для стен и полов	Tiles	Плитка	Devor va pol uchun ishonchli yechim	Plitkalar
16	Панели (ПВХ, МДФ, деревянные)	Долговечная и быстрая отделка	materials/style_images/pvx_leakx5m_YMCrVYV.webp	0	2	Durable and quick finishing	Долговечная и быстрая отделка	Panels (PVC, MDF, Wooden)	Панели (ПВХ, МДФ, деревянные)	Mustahkam va tezkor pardozlash	Panellar (PVX, MDF, yog‘och)
17	Натяжные потолки	Идеально ровная поверхность и современный стиль	materials/style_images/natyaj_efbcvrm_Pu7QHz5.webp	0	3	Perfectly smooth surface and modern style	Идеально ровная поверхность и современный стиль	Stretch Ceilings	Натяжные потолки	Ideal tekis sath va zamonaviy uslub	Stretch shiftlar
18	Подвесные потолки	Практичность и лёгкий доступ к коммуникациям	materials/style_images/podvesnie_hmrga2d_gVZmwyw.webp	0	3	Practicality and easy access to utilities	Практичность и лёгкий доступ к коммуникациям	Suspended Ceilings	Подвесные потолки	Amaliylik va kommunikatsiyalarga oson kirish	Osma shiftlar
19	Окна	Теплоизоляция, надёжность и эстетика	materials/style_images/okna_bf8uze1_n5CliSx.webp	0	4	Thermal insulation, reliability, and aesthetics	Теплоизоляция, надёжность и эстетика	Windows	Окна	Issiqlik izolyatsiyasi, ishonchlilik va estetika	Oynalar
20	Двери	Теплоизоляция, надёжность и эстетика	materials/style_images/dveri_imh4pdr_HifEDYJ.webp	0	4	Thermal insulation, reliability, and aesthetics	Теплоизоляция, надёжность и эстетика	Doors	Двери	Issiqlik izolyatsiyasi, ishonchlilik va estetika	Eshiklar
21	Унитаз	Комфортные модели от проверенных производителей	materials/style_images/unitaz_suvnhxd_aIxM3m5.webp	0	5	Comfortable models from trusted manufacturers	Комфортные модели от проверенных производителей	Toilet	Унитаз	Ishonchli ishlab chiqaruvchilardan qulay modelllar	Unitaz
22	Раковина	Cтильные и практичные решения для ванной и кухни	materials/style_images/rakovina_2yuaayx_Wzp6zLd.webp	0	5	Stylish and practical solutions for bathroom and kitchen	Cтильные и практичные решения для ванной и кухни	Sink	Раковина	Hojatxona va oshxona uchun zamonaviy yechimlar	Rakvina
23	Ванна	Акриловые и стальные ванны разных форм и размеров	materials/style_images/vanna_vdh1g8w_bb4jbMu.webp	0	5	Acrylic and steel bathtubs in various shapes and sizes	Акриловые и стальные ванны разных форм и размеров	Bathtub	Ванна	Turli shakl va o‘lchamdagi akril va po‘lat vannalar	Vanna
24	Душевая кабина	Компактность, удобство и современный дизайн	materials/style_images/dushevaya_mwpgdix_vZOhNN4.webp	0	5	Compactness, convenience, and modern design	Компактность, удобство и современный дизайн	Shower Cabin	Душевая кабина	Ixchamlik, qulaylik va zamonaviy dizayn	Dush kabinasi
25	Смесители	Надёжные и долговечные механизмы для воды	materials/style_images/smistitel_1btgcv5_hYpuUmB.webp	0	5	Reliable and durable water mechanisms	Надёжные и долговечные механизмы для воды	Faucets	Смесители	Suv uchun ishonchli va chidamli mexanizmlar	Smesitellar (kranlar)
26	Душевые системы	Комплексные решения для душевых зон	materials/style_images/dusheviee_u1quken_Im3e2lY.webp	0	5	Comprehensive solutions for shower areas	Комплексные решения для душевых зон	Shower Systems	Душевые системы	Dush zonalari uchun kompleks yechimlar	Dush tizimlari
27	Кухонный гарнитур	Безопасные, современные и надёжные элементы	materials/style_images/garnitur_soiucf4_eR4TMyq.webp	0	6	Safe, modern, and reliable elements	Безопасные, современные и надёжные элементы	Kitchen Set	Кухонный гарнитур	Xavfsiz, zamonaviy va ishonchli elementlar	Oshxona garnituri
28	Люстры	Центральное освещение с дизайнерским подходом	materials/style_images/lyustra_wbplzce_wYm6g0f.webp	0	7	Central lighting with a designer touch	Центральное освещение с дизайнерским подходом	Chandeliers	Люстры	Dizaynerlik yondashuvi bilan markaziy yoritish	Lyustralar
29	Выключатели	Безопасное и удобное управление освещением	materials/style_images/viklyucha_uo7amdz_TBpYe1g.webp	0	7	Safe and convenient lighting control	Безопасное и удобное управление освещением	Switches	Выключатели	Yorug‘likni xavfsiz va qulay boshqarish	O‘chirgichlar
30	Светильники	Точечное и декоративное освещение интерьера	materials/style_images/svetilniki_xgx7bck_C0rb52x.webp	0	7	Spot and decorative interior lighting	Точечное и декоративное освещение интерьера	Lighting Fixtures	Светильники	Nuqtali va dekorativ interyer yoritgichlari	Yorug‘lik chiroqlari
31	Розетки	Надёжные розетки для любых помещений	materials/style_images/rozetka_61r9oil_Bn60vt3.webp	0	7	Reliable outlets for any space	Надёжные розетки для любых помещений	Power Outlets	Розетки	Har qanday xonalar uchun ishonchli rozetkalar	Rozetkalar
32	Аксессуары и декор	Детали, которые придают интерьеру завершённость	materials/style_images/akss-i-dekor_zs8o9g2_upSo3F5.webp	0	8	Details that complete the interior	Детали, которые придают интерьеру завершённость	Accessories & Decor	Аксессуары и декор	Interyerni to‘ldiruvchi detallar	Aksessuarlar va dekor
33	Карнизы для штор	Прочные крепления с элегантным видом	materials/style_images/karnizu_eh8vi56_6mqodmV.webp	0	8	Sturdy fixtures with an elegant look	Прочные крепления с элегантным видом	Curtain Rods	Карнизы для штор	Mustahkam va nafis ko‘rinishli mahkamlagichlar	Parda karnizlari
34	Зеркала, коврики	Практичность и эстетика в каждой детали	materials/style_images/zerkala_tjtvskg_3b8WitR.webp	0	8	Practicality and aesthetics in every detail	Практичность и эстетика в каждой детали	Mirrors, Rugs	Зеркала, коврики	Har bir detalda qulaylik va estetika	Oynalar va gilamchalar
35	Корпусная мебель	Надёжные конструкции и продуманный дизайн	materials/style_images/korpusnaya_1ukqudb_MG6nOTY.webp	0	9	Reliable structures and thoughtful design	Надёжные конструкции и продуманный дизайн	Case Furniture	Корпусная мебель	Ishonchli konstruksiyalar va o‘ylangan dizay	Korpusli mebel
36	Мягкая мебель	Комфорт, стиль и долговечные материалы	materials/style_images/myaxkiy_emsskwa_dicbvyp_GPWEmEf.webp	0	9	Comfort, style, and durable materials	Комфорт, стиль и долговечные материалы	Upholstered Furniture	Мягкая мебель	Qulaylik, uslub va mustahkam materiallar	Yumshoq mebel
\.


--
-- Data for Name: main_materialitem_additional_images; Type: TABLE DATA; Schema: public; Owner: annart_user
--

COPY public.main_materialitem_additional_images (id, materialitem_id, materialimages_id) FROM stdin;
1	1	1
2	1	2
3	1	3
4	1	4
\.


--
-- Data for Name: main_partners; Type: TABLE DATA; Schema: public; Owner: annart_user
--

COPY public.main_partners (id, name, "order", image) FROM stdin;
1	antonio-lupi_ptLoZeZ	0	partners/style_images/antonio-lupi_ptlozez_apCBG7J.webp
2	atlas-concorde	0	partners/style_images/atlas-concorde_RjQKDfs.webp
3	belbagno	0	partners/style_images/belbagno_uNRViJq.webp
4	grohesvg	0	partners/style_images/grohesvg_kZaok8F.webp
5	kahrs	0	partners/style_images/kahrs_rfxbVWW.webp
6	laufen	0	partners/style_images/laufen_c4HmJkv.webp
7	istone-giordano	0	partners/style_images/listone-giordano_KhBJrFc.webp
9	porcelanosa	0	partners/style_images/porcelanosa_Wywvoab.webp
10	rasch	0	partners/style_images/rasch_1AvOKk5.webp
11	refin	0	partners/style_images/refin_je62zni.webp
12	rocalogosvg	0	partners/style_images/rocalogosvg_x82JUfq.webp
13	saint-louis	0	partners/style_images/saint-louis_2s9HYvP.webp
14	tex-decor	0	partners/style_images/tex-decor_Ij0ZLH8.webp
15	zambaiti-parati	0	partners/style_images/zambaiti-parati_oX4fAlG.webp
16	jacob-delafon	0	partners/style_images/jacob-delafon_edQuWMj.webp
17	roberto-cavalli	0	partners/style_images/roberto-cavalli_UJKb95z.webp
18	marazzi-group	0	partners/style_images/marazzi-group_9kTyeXr.webp
\.


--
-- Data for Name: main_projectimages; Type: TABLE DATA; Schema: public; Owner: annart_user
--

COPY public.main_projectimages (id, image, name) FROM stdin;
1	projects/style_images/1_7tby0is_6EHzFSA.webp	Apartament -1
2	projects/style_images/6_euavolu_NUgHdRf.webp	Apartament -1
3	projects/style_images/9_em0nldr_ZpNpS4S.webp	Apartament -1
4	projects/style_images/16.webp	Apartament -1
5	projects/style_images/3.webp	BAR INNS
6	projects/style_images/4_XUFENGq.webp	BAR INNS
7	projects/style_images/8_V9oST8X.webp	BAR INNS
8	projects/style_images/7_NKkUvgo.webp	BAR INNS
\.


--
-- Data for Name: main_projectitem; Type: TABLE DATA; Schema: public; Owner: annart_user
--

COPY public.main_projectitem (id, title, description, image, "order", category, description_en, description_ru, title_en, title_ru, square_meters, description_uz, title_uz) FROM stdin;
1	Интерьер квартиры №1	Москва	projects/style_images/5_wyeqzr2_kipthlu_5jvdxh9_df4rrht_pep1quf_rg0u6pp_OP4ytCx.webp	0	residential	Moscow	Москва	Apartment Interior No. 1	Интерьер квартиры №1	150	\N	\N
2	Интерьер квартиры №2	\N	projects/style_images/4_qgqf2fy_6cbkRqv.webp	0	residential	\N	\N	Apartment Interior No. 2	Интерьер квартиры №2	\N	\N	\N
3	Интерьер квартиры №3	\N	projects/style_images/1_0jzyexj_8R9Dfuq.webp	0	residential	\N	\N	Apartment Interior No. 3	Интерьер квартиры №3	\N	\N	\N
4	Интерьер квартиры №4	\N	projects/style_images/6_33gT8TL.webp	0	residential	\N	\N	Apartment Interior No. 4	Интерьер квартиры №4	\N	\N	\N
5	Интерьер квартиры №5	\N	projects/style_images/2_UcdMu27.webp	0	residential	\N	\N	Apartment Interior No. 5	Интерьер квартиры №5	\N	\N	\N
6	Интерьер квартиры №6	\N	projects/style_images/7_tnFNBfq.webp	0	residential	\N	\N	Apartment Interior No. 6	Интерьер квартиры №6	\N	\N	\N
7	Интерьер квартиры №7	\N	projects/style_images/7_rlnuxa0_ZOsymQe.webp	0	residential	\N	\N	Apartment Interior No. 7	Интерьер квартиры №7	\N	\N	\N
8	Интерьер квартиры №8	\N	projects/style_images/2_sgm7zvs_oAs3IyH.webp	0	residential	\N	\N	Apartment Interior No. 8	Интерьер квартиры №8	\N	\N	\N
9	Коммерческий объект №1	\N	projects/style_images/2_ba7djfk_bbwdhst_yrsdr5d_hjgKpjr.webp	0	commercial	\N	\N	Commercial Project No. 1	Коммерческий объект №1	\N	\N	\N
10	Коммерческий объект №2	\N	projects/style_images/5_tkmkvtt_pxcnz0z_FOjgzcn.webp	0	commercial	\N	\N	Commercial Project No. 2	Коммерческий объект №2	\N	\N	\N
11	Коммерческий объект №3	\N	projects/style_images/15_6LhNwHD.webp	0	commercial	\N	\N	Commercial Project No. 3	Коммерческий объект №3	\N	\N	\N
12	Коммерческий объект №4	\N	projects/style_images/6_o8tvxee_5LIFtsj.webp	0	commercial	\N	\N	Commercial Project No. 4	Коммерческий объект №4	\N	\N	\N
13	Бар INNS	Test, Test	projects/style_images/2_cl7cbke_eayioxy_7u4vwoy_wkpowvh_ijf0buo_OFWkxH3.webp	0	commercial	Test, Test	Test, Test	INNS Bar	Бар INNS	500	\N	\N
14	Коммерческий объект №6	\N	projects/style_images/4_nco5h6r_kwisryy_qoyr5fk_wrnlaj0_kLAzNjK.webp	0	commercial	\N	\N	Commercial Project No. 6	Коммерческий объект №6	350	\N	\N
15	Коммерческий объект №7	\N	projects/style_images/7_rhvxraz_k5Pg3Iq.webp	0	commercial	\N	\N	Commercial Project No. 7	Коммерческий объект №7	\N	\N	\N
16	Коммерческий объект №8	\N	projects/style_images/8_zloGkD8.webp	0	commercial	\N	\N	Commercial Project No. 8	Коммерческий объект №8	\N	\N	\N
17	Индивидуальный интерьер №1	\N	projects/style_images/1_gmpuson_CPnoEv1.webp	0	other	\N	\N	Custom Interior No. 1	Индивидуальный интерьер №1	\N	\N	\N
18	Индивидуальный интерьер №2	\N	projects/style_images/19_ROhiy46.webp	0	other	\N	\N	Custom Interior No. 2	Индивидуальный интерьер №2	\N	\N	\N
19	Индивидуальный интерьер №3	\N	projects/style_images/1_lw8jnhx_IHOTrI2.webp	0	other	\N	\N	Custom Interior No. 3	Индивидуальный интерьер №3	\N	\N	\N
20	Индивидуальный интерьер №4	\N	projects/style_images/1_zxvdakw_qy2pn7f_pXLnCi7.webp	0	other	\N	\N	Custom Interior No. 4	Индивидуальный интерьер №4	\N	\N	\N
21	Индивидуальный интерьер №5	\N	projects/style_images/4_1ell7dp_UFk08Nc.webp	0	other	\N	\N	Custom Interior No. 5	Индивидуальный интерьер №5	\N	\N	\N
22	Индивидуальный интерьер №6	\N	projects/style_images/14_wVzHHMG.webp	0	other	\N	\N	Custom Interior No. 6	Индивидуальный интерьер №6	\N	\N	\N
23	Индивидуальный интерьер №7	\N	projects/style_images/9_zpZ9Lcr.webp	0	other	\N	\N	Custom Interior No. 7	Индивидуальный интерьер №7	\N	\N	\N
24	Индивидуальный интерьер №8	\N	projects/style_images/2_2wdaqlm_ku2tCVh.webp	0	other	\N	\N	Custom Interior No. 2	Индивидуальный интерьер №8	\N	\N	\N
\.


--
-- Data for Name: main_projectitem_additional_images; Type: TABLE DATA; Schema: public; Owner: annart_user
--

COPY public.main_projectitem_additional_images (id, projectitem_id, projectimages_id) FROM stdin;
1	1	1
2	1	2
3	1	3
4	1	4
5	13	8
6	13	5
7	13	6
8	13	7
\.


--
-- Data for Name: main_serviceitem; Type: TABLE DATA; Schema: public; Owner: annart_user
--

COPY public.main_serviceitem (id, title, description, details, "order", description_en, description_ru, title_en, title_ru, description_uz, title_uz) FROM stdin;
1	Дизайн-проект	Разработка индивидуального дизайн-проекта с планировками, визуализациями, подбором материалов, расчетом сметы, сроков и согласований. Это основа всего ремонта.		0	Development of an individual design project with layouts, visualizations, material selection, cost estimate, timelines, and approvals. This is the foundation of the entire renovation.	Разработка индивидуального дизайн-проекта с планировками, визуализациями, подбором материалов, расчетом сметы, сроков и согласований. Это основа всего ремонта.	Design Project	Дизайн-проект	Individuallik asosida yaratilgan dizayn-loyiha: rejalashtirish, vizualizatsiyalar, materiallarni tanlash, smeta, muddat va kelishuvlarni hisoblash. Bu — butun ta’mir jarayonining asosi.	Dizayn-loyiha
2	Ремонтные работы	Комплексный ремонт: от черновых работ до чистовой отделки. Выполняем работы любой сложности — быстро, качественно и с гарантией.		0	Comprehensive renovation — from rough construction to final finishing. We handle projects of any complexity — quickly, efficiently, and with a guarantee.	Комплексный ремонт: от черновых работ до чистовой отделки. Выполняем работы любой сложности — быстро, качественно и с гарантией.	Renovation Works	Ремонтные работы	Qora ishlaridan tortib pardozlashgacha bo‘lgan kompleks ta’mirlash. Har qanday murakkablikdagi ishlarni tez, sifatli va kafolat bilan bajarib beramiz.	Ta’mirlash ishlari
3	Поставка строительных и отделочных материалов	Подбор и поставка всех необходимых материалов по проекту: от черновых до финишных. Работаем напрямую с проверенными поставщиками.		0	Selection and delivery of all necessary project materials — from rough to final finishes. We work directly with trusted suppliers.	Подбор и поставка всех необходимых материалов по проекту: от черновых до финишных. Работаем напрямую с проверенными поставщиками.	Supply of Construction and Finishing Materials	Поставка строительных и отделочных материалов	Loyihaga kerakli barcha materiallarni tanlash va yetkazib berish: qora ishlardan tortib yakuniy pardozlashgacha. Ishonchli yetkazib beruvchilar bilan bevosita hamkorlik qilamiz.	Qurilish va pardozlash materiallarini yetkazib berish
4	Сопровождение и обслуживание проекта	Контроль всех этапов реализации: согласования, контроль качества, ведение сроков, технический надзор и консультирование заказчика.		0	Full oversight of all implementation stages: approvals, quality control, timeline management, technical supervision, and client consultation.	Контроль всех этапов реализации: согласования, контроль качества, ведение сроков, технический надзор и консультирование заказчика.	Project Supervision and Support	Сопровождение и обслуживание проекта	Barcha bosqichlarni nazorat qilish: kelishuvlar, sifat nazorati, muddatlarni boshqarish, texnik nazorat va mijozni maslahat bilan qo‘llab-quvvatlash.	Loyiha hamrohligi va xizmat ko‘rsatish
\.


--
-- Data for Name: main_styleitem; Type: TABLE DATA; Schema: public; Owner: annart_user
--

COPY public.main_styleitem (id, title, description, image, "order", description_en, description_ru, title_en, title_ru, description_uz, title_uz) FROM stdin;
1	Ампир	Стиль ампир (от французского "empire" — империя) — это направление в интерьере, архитектуре и искусстве, которое возникло во Франции в начале XIX века во времена правления Наполеона Бонапарта. Этот стиль стал символом величия, мощи и роскоши, отражая идеи имперской власти и военных побед. Ампир в интерьере отличается монументальностью, строгостью форм и использованием античных мотивов.\r\n\r\nОсновные черты стиля ампир в интерьере:\r\nРоскошь и монументальность\r\nАмпир стремится к созданию впечатления богатства и власти. Интерьеры в этом стиле часто выглядят торжественно и помпезно. Используются дорогие материалы, такие как мрамор, бронза, золото, ценные породы дерева (красное дерево, орех).	styles/style_images/1ce914f9f8afc1815645c7a7d0deb7eb_e07aete_sfu2s9t_cmbh3sj_0wBdk9G.webp	12	Derived from the French word “empire”, this style emerged in early 19th-century France during the reign of Napoleon Bonaparte. Empire style symbolizes grandeur, power, and luxury, reflecting ideas of imperial authority and military victories. Interiors are characterized by monumentality, strict forms, and classical (antique) motifs.\r\nKey features:\r\n\t•\tLuxury and monumentality: Empire interiors aim to convey wealth and power. They often look ceremonial and grand. Expensive materials are used, such as marble, bronze, gold, and fine woods (mahogany, walnut).	Стиль ампир (от французского "empire" — империя) — это направление в интерьере, архитектуре и искусстве, которое возникло во Франции в начале XIX века во времена правления Наполеона Бонапарта. Этот стиль стал символом величия, мощи и роскоши, отражая идеи имперской власти и военных побед. Ампир в интерьере отличается монументальностью, строгостью форм и использованием античных мотивов.\r\n\r\nОсновные черты стиля ампир в интерьере:\r\nРоскошь и монументальность\r\nАмпир стремится к созданию впечатления богатства и власти. Интерьеры в этом стиле часто выглядят торжественно и помпезно. Используются дорогие материалы, такие как мрамор, бронза, золото, ценные породы дерева (красное дерево, орех).	Empire Style	Ампир	Ampir (fransuzcha “empire” — imperiya) — XIX asr boshlarida Fransiyada, Napoleon davrida yuzaga kelgan uslub. Bu yo‘nalish ulug‘vorlik, qudrat va hashamat ramzidir, imperiya g‘oyalari va harbiy g‘alabalarni ifodalaydi. Interyerdagi asosiy belgilar — monumentallik, qat’iy shakllar, antik motivlar. Qimmat materiallar (marmar, bronza, oltin, qimmat yog‘och turlari — qirmizi daraxt, yong‘oq) qo‘llaniladi. Atmosfera — dabdaba, tantana va hokimiyatni aks ettiruvchi.	Ampir
2	Арт - Деко	Стиль интерьера Ар-Деко (от французского Art Déco, сокращение от Arts Décoratifs — «декоративное искусство») зародился в 1920-х годах и достиг пика популярности в 1930-х. Это направление стало символом роскоши, элегантности и технологического прогресса, отражая дух эпохи между двумя мировыми войнами. Ар-Деко сочетает в себе элементы модернизма, классицизма и экзотических влияний, создавая уникальный и узнаваемый стиль.\r\n\r\nОсновные черты стиля Ар-Деко:\r\nГеометрические формы:\r\n\r\nЧеткие линии, зигзаги, ступенчатые формы, трапеции, круги и прямоугольники.\r\n\r\nАкцент на симметрии и балансе.\r\n\r\nРоскошные материалы:	styles/style_images/c931ee44fda7f8bd2c8faf96fc589376_debbaym_ppoqg0j_oyqrbi2_wch1udm_gk_W8kih1k.webp	11	Art Deco (from the French Arts Décoratifs) originated in the 1920s and peaked in popularity in the 1930s. It became a symbol of luxury, elegance, and technological progress, reflecting the spirit of the interwar period. Art Deco combines elements of modernism, classicism, and exotic influences to form a unique and recognizable style.\r\n\r\nKey features of Art Deco:\r\n\t•\tGeometric shapes: Clean lines, zigzags, stepped forms, trapezoids, circles, and rectangles. Emphasis on symmetry and balance.	Стиль интерьера Ар-Деко (от французского Art Déco, сокращение от Arts Décoratifs — «декоративное искусство») зародился в 1920-х годах и достиг пика популярности в 1930-х. Это направление стало символом роскоши, элегантности и технологического прогресса, отражая дух эпохи между двумя мировыми войнами. Ар-Деко сочетает в себе элементы модернизма, классицизма и экзотических влияний, создавая уникальный и узнаваемый стиль.\r\n\r\nОсновные черты стиля Ар-Деко:\r\nГеометрические формы:\r\n\r\nЧеткие линии, зигзаги, ступенчатые формы, трапеции, круги и прямоугольники.\r\n\r\nАкцент на симметрии и балансе.\r\n\r\nРоскошные материалы:	Art Deco	Арт - Деко	Art-Deko (fransuzcha Arts Décoratifs — «dekorativ san’at») 1920-yillarda paydo bo‘lib, 1930-yillarda mashhurlikka erishdi. Uslub hashamat, nafislik va texnologik taraqqiyot ramzi hisoblanadi, ikki jahon urushi orasidagi davr ruhini aks ettiradi. Art-Deko modernizm, klassitsizm va ekzotik ta’sirlarni uyg‘unlashtiradi. Asosiy xususiyatlari: geometrik shakllar (aniq chiziqlar, zigzaglar, zinapoyasimon shakllar, trapetsiyalar, doiralar va to‘g‘ri to‘rtburchaklar), simmetriya va muvozanatga urg‘u, qimmatbaho materiallar.	Art-deko
3	Барокко	Величественный стиль XVII–XVIII веков, ставший символом абсолютной власти и торжественности. Архитектура основана на динамичных симметричных композициях — купола, колонны, лестницы с изгибами. В интерьере — богатейшая лепнина, позолоченные рамы, массивная мебель с тяжелыми тканями: бархат, парча и шелк. Цветовая палитра насыщенная — золотой, бордовый, изумруд. Барокко играет на контрасте света и тени, крупномасштабных формах, и создает впечатление театральности, величия и драмати­чности.	styles/style_images/images55_omzzbmq_imempmq_gluaxt5_fys3pur_swqvpqo_tin9w1v_QP54nfu.webp	10	A majestic style of the 17th–18th centuries, symbolizing absolute power and grandeur. Architecture is based on dynamic symmetrical compositions — domes, columns, and curved staircases. Interiors feature lavish stucco moldings, gilded frames, and massive furniture upholstered in heavy fabrics like velvet, brocade, and silk. The color palette is rich — gold, burgundy, emerald. Baroque plays with contrasts of light and shadow, grand scales, and creates a theatrical, magnificent, and dramatic impression.	Величественный стиль XVII–XVIII веков, ставший символом абсолютной власти и торжественности. Архитектура основана на динамичных симметричных композициях — купола, колонны, лестницы с изгибами. В интерьере — богатейшая лепнина, позолоченные рамы, массивная мебель с тяжелыми тканями: бархат, парча и шелк. Цветовая палитра насыщенная — золотой, бордовый, изумруд. Барокко играет на контрасте света и тени, крупномасштабных формах, и создает впечатление театральности, величия и драмати­чности.	Baroque	Барокко	XVII–XVIII asrlardagi ulug‘vor uslub bo‘lib, mutlaq hokimiyat va tantanavorlik ramziga aylangan. Arxitektura dinamik simmetrik kompozitsiyaga asoslanadi — gumbazlar, ustunlar, egri zinapoyalar. Interyerdagi elementlar — boy gipsli naqshlar, oltin qoplamalar, og‘ir matoli (baxmal, brokar, ipak) massiv mebellar. Ranglar palitrasi boy — oltin, bordo, zumrad. Barokko yorug‘lik va soyalar kontrastiga, yirik shakllarga urg‘u beradi, teatrona, ulug‘vorlik va dramatizm uyg‘otadi.	Barokko
4	Рококо	Продолжение барокко, но более легкое, игривое и романтичное. В оформлении господствуют изогнутые линии, асимметрия и флоральные мотивы. Цвета пастельные — кремовый, нежно-голубой, розовый, персиковый. Декор легкий, с кружевными деталями, лепными орнаментами и зеркалами. Мебель изящная, резная, с деликатными тканями. Атмосфера – камерность, утонченность, легкость.	styles/style_images/acf26d2057daac504afbea0703c92af3_0w0dynl_nc4vqzf_yir45gy_0JzelzP.webp	9	A continuation of Baroque, but lighter, more playful, and romantic. Curved lines, asymmetry, and floral motifs dominate the design. The palette is pastel — cream, soft blue, pink, and peach. Décor is delicate, with lace details, stucco ornaments, and mirrors. Furniture is elegant, carved, and covered in fine fabrics. The atmosphere is intimate, sophisticated, and light.	Продолжение барокко, но более легкое, игривое и романтичное. В оформлении господствуют изогнутые линии, асимметрия и флоральные мотивы. Цвета пастельные — кремовый, нежно-голубой, розовый, персиковый. Декор легкий, с кружевными деталями, лепными орнаментами и зеркалами. Мебель изящная, резная, с деликатными тканями. Атмосфера – камерность, утонченность, легкость.	Rococo	Рококо	Barokkodan keyingi uslub, ammo yengilroq, sho‘x va romantik. Dekorda egri chiziqlar, assimetriya va gullar naqshlari ustunlik qiladi. Ranglar pastel — krem, havorang, pushti, shaftolirang. Dekor yengil, to‘rli tafsilotlar, gipsli naqshlar va oynalar bilan boyitilgan. Mebel nafis, o‘ymakor, nozik matolar bilan bezatilgan. Atmosfera — samimiylik, nafislik va yengillik.	Rokoko
5	Классический стиль	Возврат к античности через строгость, симметрию и гармонию. В архитектуре и интерьере часто используются колонны, балясины, арки, карнизы и фризы. Цветовая палитра спокойна — белый, жемчужный, беж, мягко-зелёный. Материалы — качественный мрамор, темное дерево, благородные ткани. Мебель аккуратная, формы выверенные. Этот стиль транслирует устойчивость, уравновешенность и витиеватую простоту.	styles/style_images/f17aead1a2da7e3ba8845e2449cd6590_bkddypb_5zjkrc9_ww3o7fc_fe7WGSx.webp	8	A return to antiquity through strict lines, symmetry, and harmony. Columns, balusters, arches, cornices, and friezes are commonly used in architecture and interiors. The color palette is calm — white, pearl, beige, and soft green. Materials include high-quality marble, dark wood, and noble fabrics. Furniture is neat, with precise shapes. This style conveys a sense of stability, balance, and refined simplicity.	Возврат к античности через строгость, симметрию и гармонию. В архитектуре и интерьере часто используются колонны, балясины, арки, карнизы и фризы. Цветовая палитра спокойна — белый, жемчужный, беж, мягко-зелёный. Материалы — качественный мрамор, темное дерево, благородные ткани. Мебель аккуратная, формы выверенные. Этот стиль транслирует устойчивость, уравновешенность и витиеватую простоту.	Classical Style	Классический стиль	Antik davrga qaytish — qat’iyat, simmetriya va uyg‘unlik orqali. Arxitektura va interyerdagi asosiy elementlar: ustunlar, balyasinlar, arkalar, karnizlar va frizlar. Ranglar palitrasi sokin — oq, marvarid, bej, yumshoq yashil. Materiallar — sifatli marmar, to‘q rangli yog‘och, qimmatbaho matolar. Mebel puxta, shakllar aniq. Bu uslub barqarorlik, muvozanat va nafis soddalikni ifodalaydi.	Klassik uslub
6	Неоклассика	Неоклассика — это современная интерпретация классического стиля, которая сохраняет его гармонию, элегантность и пропорциональность, но делает акцент на практичность, лёгкость и актуальность. Этот стиль родился как ответ на вычурность барокко и рококо, но в XXI веке получил новую жизнь — без излишней помпезности, с современной мебелью и нейтральной палитрой.\r\n\r\nИнтерьеры в неоклассике наполнены светом, симметрией и лёгкостью. Характерны молдинги на стенах, высокие плинтусы, потолочные розетки и карнизы, но всё выполнено деликатно, без чрезмерного декора. Мебель — с мягкими классическими формами, но чаще прямая и лаконичная. Используются качественные материалы: дерево, мрамор, гипс, натуральные ткани.\r\n\r\nПалитра спокойная и утончённая: белый, кремовый, серый, пастельно-голубой, жемчужный. Часто встречаются акценты в виде благородных тонов — тёмного дерева, золота, бронзы, матового металла.	styles/style_images/6685836d52b2d5f8d2e64118e19784f5_rhvzba3_mnpqtqv_cjadlf3_GdM6g0A.webp	7	Art Deco (from the French Arts Décoratifs) emerged in the 1920s and peaked in popularity during the 1930s. This movement became a symbol of luxury, elegance, and technological progress, capturing the spirit of the interwar era. Art Deco blends modernism, classicism, and exotic influences to create a distinctive and recognizable style.\r\nKey features of Art Deco:\r\n\t•\tGeometric forms: clean lines, zigzags, stepped shapes, trapezoids, circles, and rectangles. Emphasis on symmetry and balance.	Неоклассика — это современная интерпретация классического стиля, которая сохраняет его гармонию, элегантность и пропорциональность, но делает акцент на практичность, лёгкость и актуальность. Этот стиль родился как ответ на вычурность барокко и рококо, но в XXI веке получил новую жизнь — без излишней помпезности, с современной мебелью и нейтральной палитрой.\r\n\r\nИнтерьеры в неоклассике наполнены светом, симметрией и лёгкостью. Характерны молдинги на стенах, высокие плинтусы, потолочные розетки и карнизы, но всё выполнено деликатно, без чрезмерного декора. Мебель — с мягкими классическими формами, но чаще прямая и лаконичная. Используются качественные материалы: дерево, мрамор, гипс, натуральные ткани.\r\n\r\nПалитра спокойная и утончённая: белый, кремовый, серый, пастельно-голубой, жемчужный. Часто встречаются акценты в виде благородных тонов — тёмного дерева, золота, бронзы, матового металла.	Neoclassicism	Неоклассика	Neoklassika — klassik uslubning zamonaviy talqini bo‘lib, unda uyg‘unlik, nafislik va mutanosiblik saqlanadi, ammo amaliylik, yengillik va dolzarblik ustuvor ahamiyat kasb etadi. Bu uslub barokko va rokoko dabdabasiga javoban paydo bo‘lgan, XXI asrda esa ortiqcha hashamatsiz, zamonaviy mebel va neytral palitra bilan qayta talqin qilindi.\r\n\r\nInteryerlar yorug‘lik, simmetriya va yengillik bilan to‘la. Devorlardagi moldinlar, baland pлинтuslar, shift rozetkalari va karnizlar bilan ajralib turadi, ammo hammasi nozik, ortiqcha bezaksiz bajariladi. Mebel yumshoq klassik shakllarga ega, ko‘pincha to‘g‘ri va lakonik. Materiallar sifatli: yog‘och, marmar, gips, tabiiy matolar.\r\n\r\nRang palitrasi sokin va nafis: oq, krem, kulrang, pastel ko‘k, marvarid ohanglari. Ko‘pincha aksent sifatida qimmatbaho ohanglar qo‘llaniladi — to‘q yog‘och, oltin, bronza, mat metall.	Neoklassika
7	Готика	Средневековая эстетика величия и мистики. Остроконечные арки, витражи, каменная отделка, длинные скругления. Цвета темные: бордовые, темно-фиолетовые, черный. Мебель — резное дерево, тяжелые ткани типа бархата. Подчеркивается вертикаль, свет и полутень. Атмосфера величия, драматизма и загадочности.	styles/style_images/9a03976c1788a9173e5025d976ede84a_scfcyuo_lujpl0f_e9it3vt_1KCSsMl.webp	14	A medieval aesthetic of grandeur and mystery. Pointed arches, stained glass, stone finishes, long curves. Dark colors — burgundy, deep purple, black. Furniture is carved wood, and fabrics are heavy, like velvet. Emphasis on verticality, light, and shadow. The atmosphere is majestic, dramatic, and enigmatic.	Средневековая эстетика величия и мистики. Остроконечные арки, витражи, каменная отделка, длинные скругления. Цвета темные: бордовые, темно-фиолетовые, черный. Мебель — резное дерево, тяжелые ткани типа бархата. Подчеркивается вертикаль, свет и полутень. Атмосфера величия, драматизма и загадочности.	Gothic	Готика	O‘rta asrlarning ulug‘vor va sirli estetikasi. Uchburchak uchi bor arklar, vitraj oynalar, tosh bezaklar, uzun egri shakllar. Ranglar — qoramtir: bordo, to‘q binafsha, qora. Mebel — o‘ymakor yog‘och, og‘ir matolar (baxmal kabi). Vertical yo‘nalish, yorug‘lik va soya kontrasti muhim. Atmosfera — ulug‘vorlik, dramatizm va sirli ruh.	Gotika
8	Ретро	Ностальгия по 1950–1970-м: винтажная мебель с округлыми формами, виниловые кресла, металлизированные поверхности. Яркие или кислотные цвета — бирюзовый, горчичный, оранжевый. Декор — виниловые пластинки, ретро-фотографии. Атмосфера — веселье и вспоминание прошлых десятилетий.	styles/style_images/5c25ef3e9ef8d4d86b130075522d86c2_nkoxzff_xk5ka7y_weeflnq_cg86ExK.webp	13	Vintage furniture with rounded shapes, vinyl armchairs, metallic surfaces. Bright or neon colors like turquoise, mustard, and orange. Decor includes vinyl records and retro photographs. The atmosphere evokes fun and fond memories of past decades.	Ностальгия по 1950–1970-м: винтажная мебель с округлыми формами, виниловые кресла, металлизированные поверхности. Яркие или кислотные цвета — бирюзовый, горчичный, оранжевый. Декор — виниловые пластинки, ретро-фотографии. Атмосфера — веселье и вспоминание прошлых десятилетий.	Retro	Ретро	1950–1970-yillarga bo‘lgan nostalgiya: yumaloq shaklli vintej mebellar, vinil kreslolar, metall effektli yuzalar. Ranglar yorqin yoki kislotali — to‘q ko‘k, xantal, to‘q sariq. Dekor — vinil plastinkalar, retro suratlar. Atmosfera — quvonch va o‘tgan davrlarni eslash.	Retro
9	Японский стиль	Традиции дзен и природы. Лаконичные линии, балочный потолок, перегородки сёдзи, татами. Низкая мебель — futon, простой деревянный стол, когэнэба. Минимум декора, но много пространства, света, зелени (мини-сад, татэми).	styles/style_images/e6ecd01f1bf801f50f8dd51e379640eb_wsaxim3_q2ypbe0_ck8ihmw_V9mciKb.webp	4	Inspired by Zen traditions and nature. Clean lines, beam ceilings, shoji partitions, tatami mats. Low furniture like futons, a simple wooden table, and kogoneba. Minimal decoration, but lots of space, light, and greenery (miniature gardens, tatami zones).	Традиции дзен и природы. Лаконичные линии, балочный потолок, перегородки сёдзи, татами. Низкая мебель — futon, простой деревянный стол, когэнэба. Минимум декора, но много пространства, света, зелени (мини-сад, татэми).	Japanese Style	Японский стиль	Zen an’analari va tabiat uyg‘unligi. Lakonik chiziqlar, nurlangan shift, shodji panellari, tatami. Past mebel — futon, oddiy yog‘och stol, kogeneba. Dekor minimum, ammo ko‘p bo‘shliq, yorug‘lik va yashillik (mini-bog‘, tatami).	Yapon uslubi
10	Grunge	Грубый, мрачный стиль с намеренной небрежностью. Кирпич, бетон, облупившаяся краска, уличное искусство. Цвет — грязный серый, коричневый, темно-зеленый. Декор — плакаты, граффити, индустриальный антураж, необработанная мебель.	styles/style_images/bb5d218b14b89701fa913b4395c32f9f_wq1kisk_1tifbsw_5jfu1jm_wyVhGeX.webp	15	A rough, moody style with intentional rawness. Brick, concrete, peeling paint, street art. The color scheme includes dirty gray, brown, and dark green. Decor features posters, graffiti, industrial touches, and raw furniture. A style that embraces imperfection and rebellion.	Грубый, мрачный стиль с намеренной небрежностью. Кирпич, бетон, облупившаяся краска, уличное искусство. Цвет — грязный серый, коричневый, темно-зеленый. Декор — плакаты, граффити, индустриальный антураж, необработанная мебель.	Grunge	Grunge	Qasddan sodir etilgan beparvolik bilan qo‘pol, qorong‘i uslub. G‘isht, beton, ko‘chib ketgan bo‘yoq, ko‘cha san’ati elementlari. Ranglar — kulrang, qo‘ng‘ir, to‘q yashil. Dekor — plakatlar, grafiti, sanoat elementlari, ishlov berilmagan mebel.	Grunge
11	Фьюжн	Микс всех стилей! Европа встречается с Азией, ретро с хай‑теком. Главный принцип — индивидуальность, свободное смешение культурных элементов, яркость и эклектичность. Идеально для тех, кто ценит свободу и выражение.	styles/style_images/61d5dc98a487cc8d8ff1794b01e6de47_wyaou3q_gxvqtu6_ija9vse_baRWJJy.webp	16	A mix of all styles! Europe meets Asia, retro blends with high-tech. The main principle is individuality — a free combination of cultural elements, vibrant colors, and eclecticism. Perfect for those who value freedom and self-expression.	Микс всех стилей! Европа встречается с Азией, ретро с хай‑теком. Главный принцип — индивидуальность, свободное смешение культурных элементов, яркость и эклектичность. Идеально для тех, кто ценит свободу и выражение.	Fusion	Фьюжн	Barcha uslublarning miksi! Yevropa Osiyo bilan, retro hi-tech bilan birlashadi. Asosiy prinsip — individuallik, erkin madaniy elementlarni qo‘shish, yorqinlik va eklektika. Bu uslub erkinlik va o‘z ifodasini qadrlaydiganlar uchun.	F’yujn
12	Эгалитика	Скромный демократичный стиль, основанный на «равном доступе» и социальной справедливости. Простые материалы, доступные по цене, отсутствие элитарности. Ничего лишнего, комфорт каждому. Цвет — натуральный, интерьер — дружественный.	styles/style_images/76a61b946091baddccf5d48e685340be_zwqtrwt_uysn1g0_swa4sir_BIvM2Av.webp	3	A modest and democratic style based on “equal access” and social fairness. Simple, affordable materials with no elitism. Nothing excessive — comfort for everyone. Natural colors, and a friendly interior atmosphere.	Скромный демократичный стиль, основанный на «равном доступе» и социальной справедливости. Простые материалы, доступные по цене, отсутствие элитарности. Ничего лишнего, комфорт каждому. Цвет — натуральный, интерьер — дружественный.	Egalitarian Style	Эгалитика	“Barobar imkoniyat” va ijtimoiy adolat tamoyiliga asoslangan kamtar, demokratik uslub. Arzon va oddiy materiallar, hashamatning yo‘qligi. Ortiqcha bezaklarsiz, hamma uchun qulaylik. Ranglar — tabiiy, interyer — samimiy.	Egalitika
13	Футуризм	Авангардное движение, вдохновленное космосом, скоростью, технологией. Изогнутые формы, ассиметрия, необычные конструкции, материалы со светоотражающими свойствами. Это визуализация будущего в архитектуре и интерьере.	styles/style_images/f9264837c58b7648aa2937298ccb5f33_sq5tbbh_69vs7wr_xzncagl_apkBoHE.webp	2	An avant-garde movement inspired by space, speed, and technology.\r\nCurved shapes, asymmetry, unusual structures, and materials with reflective properties. It’s a visualization of the future in architecture and interior design.	Авангардное движение, вдохновленное космосом, скоростью, технологией. Изогнутые формы, ассиметрия, необычные конструкции, материалы со светоотражающими свойствами. Это визуализация будущего в архитектуре и интерьере.	Futurism	Футуризм	Kosmos, tezlik va texnologiyalardan ilhomlangan avangard yo‘nalish. Egri chiziqlar, assimetriya, noodatiy konstruksiyalar, yorug‘likni aks ettiruvchi xususiyatlarga ega materiallar qo‘llaniladi. Bu — me’morchilik va interyerdagi kelajakning vizual ifodasi.	Futurizm
14	Хайтек	Технологический стиль будущего: глянец, стекло, хром, пластик, встроенные системы. Функциональность, ультрасовременный подход к освещению, умный дом, LED-подсветка. Минимум декора — в центре внимание техника и инновации.	styles/style_images/428130de584d5337a2e39104e6cc6351_m9su0lg_j4oqc7f_khsf0w5_dypbs0j_cPmtNWS.webp	17	A futuristic technological style featuring gloss, glass, chrome, and plastic, along with built-in systems. Emphasis on functionality, ultra-modern lighting solutions, smart home technologies, and LED lighting. Minimal decor — the focus is on technology and innovation.	Технологический стиль будущего: глянец, стекло, хром, пластик, встроенные системы. Функциональность, ультрасовременный подход к освещению, умный дом, LED-подсветка. Минимум декора — в центре внимание техника и инновации.	High-Tech	Хайтек	Kelajakning texnologik uslubi: yaltiroq, shisha, xrom, plastik, o‘rnatilgan tizimlar. Funktsionallik, yoritishda zamonaviy yondashuv, “aqlli uy”, LED-yoritish. Dekor minimal — markazda texnika va innovatsiya.	Hi-tech
15	Брутализм	Чистый бетон, монументальность и функциональность. Без украшений, с акцентом на обнаженные конструкции и массивность. Архитектура и интерьер выглядят сурово, иногда даже мрачно. Этот стиль воспринимает честный бетон как эстетический герой.	styles/style_images/0b4da9f813642e0ba848c31518fdfd0e_zvrmgqr_k7s7haw_nmjaiwe_nrR0ezh.webp	18	Raw concrete, monumentality, and functionality. No ornamentation — the focus is on exposed structures and massiveness. Architecture and interiors appear austere, sometimes even gloomy. This style embraces honest concrete as an aesthetic hero.	Чистый бетон, монументальность и функциональность. Без украшений, с акцентом на обнаженные конструкции и массивность. Архитектура и интерьер выглядят сурово, иногда даже мрачно. Этот стиль воспринимает честный бетон как эстетический герой.	Brutalism	Брутализм	Toza beton, monumental shakllar va funksionallik. Bezaksiz, ochiq konstruksiyalar va masshtablilikka urg‘u berilgan. Arxitektura va interyer ba’zan qattiq va qo‘pol ko‘rinadi. Bu uslubda beton estetik qahramonga aylanadi.	Brutalizm
16	Лофт	Индустриальная эстетика городских фабрик или складов, переделанных под жилье. Открытые коммуникации, кирпич, бетон, металлические балки, деревянные перекрытия и высокие потолки. Пол — бетон или грубое дерево. Мебель — минималистичная, промышленного вида. Атмосфера — урбанизм, свобода, эксперимент.	styles/style_images/f65ec352a93797201d1ba9ff4937e1f5_vrjibi5_p8jzm0d_bn4yuyo_QoYP5EI.webp	1	Industrial aesthetics of urban factories or warehouses converted into living spaces.\r\nExposed utilities, brick, concrete, metal beams, wooden ceilings, and high ceilings. The floor is concrete or rough wood. Furniture is minimalist and industrial-looking. The atmosphere reflects urbanism, freedom, and experimentation.	Индустриальная эстетика городских фабрик или складов, переделанных под жилье. Открытые коммуникации, кирпич, бетон, металлические балки, деревянные перекрытия и высокие потолки. Пол — бетон или грубое дерево. Мебель — минималистичная, промышленного вида. Атмосфера — урбанизм, свобода, эксперимент.	Loft	Лофт	Shahar fabrikalari yoki omborlaridan turar-joylarga aylantirilgan sanoat estetikasiga ega uslub. Ochiq kommunikatsiyalar, g‘isht, beton, metall nurlar, yog‘och qoplamalar va baland shiftlar bilan ajralib turadi. Pol — beton yoki qo‘pol yog‘ochdan. Mebel — minimalist, sanoat ko‘rinishida. Atmosfera — urbanizm, erkinlik, tajriba.	Loft
17	Постмодернизм	Ответ на минимализм и модерн — это игра форм, ирония и исторические отсылки. Здесь возможно все: неожиданные комбинации архитектурных элементов, яркие цвета, дробная симметрия, декоративные абстракции. Часто используется художественная подача, юмор.	styles/style_images/37f828bc53a0e4f094a627b6c8acc581_ds2t8xk_n4xok8s_uwxsckh_O9njIxd.webp	19	A response to minimalism and modernism — a play of forms, irony, and historical references. Anything is possible: unexpected combinations of architectural elements, bright colors, broken symmetry, and decorative abstractions. Often infused with artistic expression and humor.	Ответ на минимализм и модерн — это игра форм, ирония и исторические отсылки. Здесь возможно все: неожиданные комбинации архитектурных элементов, яркие цвета, дробная симметрия, декоративные абстракции. Часто используется художественная подача, юмор.	Postmodernism	Постмодернизм	Minimalizm va modernizmga javob — shakllar bilan o‘yin, irodiya va tarixiy murojaatlar. Bu uslubda hamma narsa mumkin: kutilmagan arxitektura elementlari kombinatsiyalari, yorqin ranglar, bo‘lingan simmetriya, dekorativ abstraksiyalar. Ko‘pincha san’at uslubi, hazil qo‘llaniladi.	Postmodernism
18	Модернизм	XX век, архитектурный авангард. Отказ от лишнего в пользу формы и функции. Стеклянные фасады, стальные балки, обтекаемые поверхности, иногда асимметричные структуры. Интерьеры просторные, светлые, с открытым пространством.	styles/style_images/46ab89c87a262c1bc8a92f873dace14e_lwjnh2o_lsmly8r_jskokyf_7GoNGg3.webp	20	20th-century architectural avant-garde. A rejection of excess in favor of form and function. Glass façades, steel beams, streamlined surfaces, and sometimes asymmetrical structures. Interiors are spacious, bright, and open.	XX век, архитектурный авангард. Отказ от лишнего в пользу формы и функции. Стеклянные фасады, стальные балки, обтекаемые поверхности, иногда асимметричные структуры. Интерьеры просторные, светлые, с открытым пространством.	Modernism	Модернизм	XX asrning arxitektura avangardi. Ortiqcha bezaklardan voz kechish va shakl hamda funksiyaga urg‘u berish. Shisha fasadlar, po‘lat konstruksiyalar, silliq yuzalar, ba’zan assimetrik strukturalar. Interyerlar — keng, yorug‘ va ochiq makonli.	Modernizm
19	Современный стиль	Живой, меняющийся стиль, отражающий текущие тренды. Использует огрехи минимализма, hi-tech и скандинавских идей. Геометрические формы, мягкие текстуры, современные материалы. Сочетание комфорта, элегантности и технологий — системы «умный дом», инновационные поверхности.	styles/style_images/47c50092db7cc39c1e329044e72f5858_vexji8l_imu8l2y_rdtexys_ryw9mam_lf_aEcPIvz.webp	21	A dynamic, evolving style reflecting current trends. It incorporates elements from minimalism, high-tech, and Scandinavian design. Geometric shapes, soft textures, and modern materials come together. A blend of comfort, elegance, and technology — smart home systems, innovative surfaces.	Живой, меняющийся стиль, отражающий текущие тренды. Использует огрехи минимализма, hi-tech и скандинавских идей. Геометрические формы, мягкие текстуры, современные материалы. Сочетание комфорта, элегантности и технологий — системы «умный дом», инновационные поверхности.	Contemporary Style	Современный стиль	O‘zgaruvchan, hozirgi tendensiyalarni aks ettiruvchi uslub. Minimalizm, hi-tech va skandinavcha g‘oyalardan foydalanadi. Geometrik shakllar, yumshoq teksturalar, zamonaviy materiallar. Qulaylik, nafislik va texnologiyalar uyg‘unligi — “aqlli uy” tizimlari, innovatsion yuzalar.	Zamonaviy uslub
20	Минимализм	На основе японской и скандинавской эстетики: максимум функциональности, минимум вещей. Чистые здания, гладкие поверхности, встроенные системы. Цветовая палитра — нейтральная: белый, серый, черный, беж. Отсутствуют узоры, лишнее декорирование. Материалы — стекло, металл, глянец. Атмосфера создает чувство легкости, умиротворения и порядка.	styles/style_images/f4c7eeb40dac0bc2bb42249777d1bd97_hccphu6_i14meds_zqqr8d5_gdoxzWN.webp	22	Based on Japanese and Scandinavian aesthetics: maximum functionality, minimal possessions. Clean structures, smooth surfaces, and built-in systems. The color palette is neutral — white, gray, black, beige. No patterns or excessive decor. Materials include glass, metal, and gloss. The atmosphere evokes a sense of lightness, serenity, and order.	На основе японской и скандинавской эстетики: максимум функциональности, минимум вещей. Чистые здания, гладкие поверхности, встроенные системы. Цветовая палитра — нейтральная: белый, серый, черный, беж. Отсутствуют узоры, лишнее декорирование. Материалы — стекло, металл, глянец. Атмосфера создает чувство легкости, умиротворения и порядка.	Minimalism	Минимализм	Yapon va skandinav estetikasiga asoslangan: maksimal funksionallik, minimal buyumlar. Toza yuzalar, silliq qoplamalar, o‘rnatilgan tizimlar. Rang palitrasi neytral: oq, kulrang, qora, bej. Naqshlar va ortiqcha dekoratsiya yo‘q. Materiallar — shisha, metall, yaltiroq yuzalar. Atmosfera — yengillik, osoyishtalik va tartib.	Minimalizm
21	Экостиль	Экологичное направление: предпочтение отдаётся экологичным, перерабатываемым материалам — дерево, камень, лен, хлопок, бамбук. Отказ от пластика, синтетики. Цвета близки к природе: зелень, земляника, осенние оттенки. Декор — живые растения, сушёные травы, горшки из глины. Это стиль осознанного потребления и любви к природе.	styles/style_images/9b82d61f1605a7e688017d183c450597_konscyi_dappt3c_1fyf8dw_ohlcsrm_LQEPxtx.webp	5	An eco-conscious direction prioritizing sustainable and recyclable materials — wood, stone, linen, cotton, bamboo. Avoids plastic and synthetics. Colors are nature-inspired: green, earth tones, autumn hues. Decor includes live plants, dried herbs, and clay pots. A style of mindful consumption and love for nature.	Экологичное направление: предпочтение отдаётся экологичным, перерабатываемым материалам — дерево, камень, лен, хлопок, бамбук. Отказ от пластика, синтетики. Цвета близки к природе: зелень, земляника, осенние оттенки. Декор — живые растения, сушёные травы, горшки из глины. Это стиль осознанного потребления и любви к природе.	Eco Style	Экостиль	Ekologik yo‘nalish: qayta ishlanishi mumkin bo‘lgan tabiiy materiallarga ustunlik beriladi — yog‘och, tosh, zig‘ir, paxta, bambuk. Plastik va sintetikadan voz kechiladi. Ranglar tabiatga yaqin: yashil, tuproq ranglari, kuzgi ohanglar. Dekor — tirik o‘simliklar, quritilgan giyohlar, loydan yasalgan idishlar. Bu uslub ongli iste’mol va tabiatni sevishni ifodalaydi.	Ekostil
22	Древеннаяска  Эстетика Кантри	Мягче, менее суров руток. Акцент на уюте, тепле и семье. Используются натуральные текстуры: дерево, керамика, текстиль с клеткой или цветами. Цвета — натуральные, спокойные: беж, пудровый, крем. Часто — камин, семейные фото в рамках, фарфоровая посуда, пледы. Стиль напоминает семейный загородный дом, где приятно собираться вместе.	styles/style_images/dc404d07f281d5cc31f2f32db82e8363_szeho6c_fvoaset_qdtcihs_ogwto6w_uGzJEmN.webp	23	Softer and less harsh than rustic. The focus is on coziness, warmth, and family. Natural textures like wood, ceramics, and floral or checkered textiles are used. Colors are natural and calming: beige, powder, cream. Often features include a fireplace, framed family photos, porcelain tableware, and cozy throws. This style feels like a welcoming countryside home made for gathering.	Мягче, менее суров руток. Акцент на уюте, тепле и семье. Используются натуральные текстуры: дерево, керамика, текстиль с клеткой или цветами. Цвета — натуральные, спокойные: беж, пудровый, крем. Часто — камин, семейные фото в рамках, фарфоровая посуда, пледы. Стиль напоминает семейный загородный дом, где приятно собираться вместе.	Woodland Country Aesthetics	Древеннаяска  Эстетика Кантри	Yumshoqroq, samimiy uslub. Qulaylik, issiqlik va oilaga urg‘u beradi. Tabiiy materiallar ishlatiladi: yog‘och, keramika, matolar (katak yoki gullar bilan). Ranglar — tabiiy, sokin: bej, pushti, krem. Ko‘pincha — kamin, oilaviy suratlar ramkada, chinni idishlar, pledlar. Uslub — qishloq uyining iliq muhitini yaratadi.	Country (qishloq) uslubi
23	Рустикальный стиль	Доминирование натуральности — дерево, камень, кирпич без отделки. Мебель простая, некрасивая намеренно — крупные балки, грубый стол, обивка грубой ткани. Цвета — земляные: охра, терракота, серый. Декор — корзины, плетеные коврики, теплые текстуры, крупные вязаные пледы и медный самовар. Атмосфера — деревенская честность и связь с природой.	styles/style_images/b1ad7ebd3cd54655a3fe209b02e4899f-3_8it8yjf_rsscimn_q7rkihq_h3LcE8J.webp	24	Dominated by natural materials — unfinished wood, stone, and brick. Furniture is intentionally unrefined: large beams, a rough wooden table, and coarse fabric upholstery. Earthy colors prevail: ochre, terracotta, gray. Decor includes baskets, woven rugs, warm textures, chunky knit blankets, and a copper samovar. The atmosphere reflects rural honesty and a strong connection to nature.	Доминирование натуральности — дерево, камень, кирпич без отделки. Мебель простая, некрасивая намеренно — крупные балки, грубый стол, обивка грубой ткани. Цвета — земляные: охра, терракота, серый. Декор — корзины, плетеные коврики, теплые текстуры, крупные вязаные пледы и медный самовар. Атмосфера — деревенская честность и связь с природой.	Rustic Style	Рустикальный стиль	Tabiiylik hukmron: yog‘och, tosh, g‘isht — hech qanday pardozsiz. Mebel oddiy, go‘yoki qo‘pol — katta yog‘och to‘sarlar, qo‘pol stol, dag‘al mato bilan qoplangan. Ranglar — yer ohanglari: okra, terrakota, kulrang. Dekor — savatlar, to‘qilgan gilamchalar, issiq teksturalar, yirik to‘qilgan pledlar va mis choynak. Atmosfera — qishloqcha soddalik va tabiat bilan bog‘liqlik.	Rustik uslubi (Rustic)
24	Шебби-шик	Романтический французский винтаж: много пастельных оттенков, потертостей, кружев и рюш. Предметы декора выглядят очаровательно состаренными — винтажная рамка на стене, фарфоровая ваза с трещинками. Цвета — нежные розовые, кремовые, белые. Образ дополняют мягкий текстиль, обилие подушек, фарфор и хрусталь. Стиль женственный, ласковый и уютный.	styles/style_images/9723d81c4e10ca015f377425359c9df9_ed2ifh5_8p3u7vc_h50z0zi_WltSsXW.webp	25	A romantic French vintage style filled with pastel shades, worn finishes, lace, and ruffles. Decor items appear charmingly aged — like a vintage frame on the wall or a porcelain vase with tiny cracks. The color palette includes soft pinks, creams, and whites. The look is completed with cozy textiles, plenty of cushions, porcelain, and crystal. This style is feminine, gentle, and inviting.	Романтический французский винтаж: много пастельных оттенков, потертостей, кружев и рюш. Предметы декора выглядят очаровательно состаренными — винтажная рамка на стене, фарфоровая ваза с трещинками. Цвета — нежные розовые, кремовые, белые. Образ дополняют мягкий текстиль, обилие подушек, фарфор и хрусталь. Стиль женственный, ласковый и уютный.	Shabby Chic	Шебби-шик	Romantik fransuzcha vintaj: pastel ranglar ko‘p, yengil eskirgan ko‘rinish, dantellar va bezaklar. Dekor buyumlari chiroyli tarzda eskirgan: vintaj ramkalar, yoriq chinni vazalar. Ranglar — nozik pushti, oq, krem. Uslubni yumshoq matolar, ko‘plab yostiqlar, farfor va kristall to‘ldiradi. Ayollarga xos, nozik, samimiy.	Shebbi-shik (Shabby chic)
25	Прованс	Французская деревня XVIII века с атмосферой простоты и романтики. Комната наполнена пастелью: бледно-лиловый, мятный, кремовый. Используется состаренная мебель, белёные поверхности, старинные деревянные детали. Драпировки из хлопка или льна, кружевные салфетки и текстиль с мелким цветочным принтом. Винтажные часы, керамические миски, свечи, полявая лаванда — все детали создают домашний уют.	styles/style_images/84f4f837073239ab9c454907ba73f594_wgftivm_pxwouly_dsgsz26_LvQoNmW.webp	27	nspired by 18th-century French countryside charm, this style radiates simplicity and romance. Interiors are filled with pastels: soft lilac, mint, and cream. Furniture is distressed, surfaces are whitewashed, and antique wooden accents abound. Cotton or linen drapes, lace doilies, and floral-print fabrics set the mood. Vintage clocks, ceramic bowls, candles, and dried lavender complete the cozy, homey vibe.	Французская деревня XVIII века с атмосферой простоты и романтики. Комната наполнена пастелью: бледно-лиловый, мятный, кремовый. Используется состаренная мебель, белёные поверхности, старинные деревянные детали. Драпировки из хлопка или льна, кружевные салфетки и текстиль с мелким цветочным принтом. Винтажные часы, керамические миски, свечи, полявая лаванда — все детали создают домашний уют.	Provence	Прованс	XVIII asr Fransuz qishlog‘i uslubi: soddalik va romantika. Xonalar pastel ohanglarga to‘la: och binafsha, yalpiz rang, krem. Eskirgan mebel, oqartirilgan yuzalar, qadimiy yog‘och detallar qo‘llaniladi. Mato — paxta yoki zig‘ir, mayda gul naqshlari, dantelli salfetkalar. Dekor — vintaj soatlar, keramika kosalar, shamlar, quritilgan lavanda. Atmosfera — uy iliqligi va qulaylik.	Provence (Provans)
26	Boho (богемный стиль)	Смелое смешение этники, винтажа и натуральных текстур. Много текстиля — с узорами, слоями, макраме, кистями. Активно используются растения, ковры, предметы искусства, походящие из разных стран. Цвета — от землистых до насыщенных: оливковый, терракота, золотой, бирюзовый. Атмосфера неформальная, артистичная и свободная — это дом, который рассказывает историю.	styles/style_images/b312401cbc7f29cbebf3374c8eb63949_jbcq92a_hemud81_8eekr9m_Dj5DyZA.webp	26	A bold blend of ethnic elements, vintage finds, and natural textures. Rich layers of textiles — patterns, macramé, tassels. Decor includes plants, rugs, and art pieces from different cultures. The color scheme ranges from earthy to vibrant: olive, terracotta, gold, turquoise. The atmosphere is informal, artistic, and free-spirited — a home that tells a story.	Смелое смешение этники, винтажа и натуральных текстур. Много текстиля — с узорами, слоями, макраме, кистями. Активно используются растения, ковры, предметы искусства, походящие из разных стран. Цвета — от землистых до насыщенных: оливковый, терракота, золотой, бирюзовый. Атмосфера неформальная, артистичная и свободная — это дом, который рассказывает историю.	Boho (Bohemian Style)	Boho (богемный стиль)	Etnika, vintaj va tabiiy teksturalarni jasur aralashtirish. Juda ko‘p mato — naqshli, qatlamli, makrame, cho‘tchalar bilan. Ko‘plab o‘simliklar, gilamlar, dunyoning turli burchaklaridan san’at buyumlari ishlatiladi. Ranglar — yer ohanglaridan to to‘yingan: zaytun, terrakota, oltin, firuza. Atmosfera — erkin, ijodiy, samimiy, har bir buyum hikoya qiladi.	Boho (Bohem uslubi)
27	Средиземноморский	Яркий этнический вариант, где сочетаются арабские мотивы и африканская глубина. Интерьеры украшаются резьбой по дереву и мозаикой цвета бирюзы, терракоты, шафрана. Низкая мебель, текстиль с бахромой, груженные подушки и ковры. Используются арки, резные панели, фонарики из латуни. Аромат пряного кофе, ощущение восточной сказки и гостеприимства — ключевые эмоции.	styles/style_images/2d571a99eecd5e73d9d33206c0981057_6xxkcci_m1ntn3q_hzwvhrq_nrn6b7p.webp	6	A vibrant ethnic fusion combining Arabic motifs and African richness. Interiors feature wood carvings and mosaics in turquoise, terracotta, and saffron. Low furniture, fringed textiles, layered cushions and rugs. Arches, carved panels, and brass lanterns are common. The scent of spiced coffee and the atmosphere of an Eastern fairytale and hospitality are key emotions.	Яркий этнический вариант, где сочетаются арабские мотивы и африканская глубина. Интерьеры украшаются резьбой по дереву и мозаикой цвета бирюзы, терракоты, шафрана. Низкая мебель, текстиль с бахромой, груженные подушки и ковры. Используются арки, резные панели, фонарики из латуни. Аромат пряного кофе, ощущение восточной сказки и гостеприимства — ключевые эмоции.	Mediterranean	Средиземноморский	Yorqin etnik yo‘nalish, unda arabcha motivlar va afrikacha chuqurlik uyg‘unlashadi. Interyer yog‘och o‘ymakorligi va ko‘k, terrakota, shafran rangli mozaikalar bilan bezatiladi. Past mebellar, tasselli matolar, ko‘p yostiqlar va gilamlar ishlatiladi. Arklar, o‘ymakor panellar, latundan yasalgan fonarlar qo‘llaniladi. Qahva ifori, sharqona ertak va mehmondo‘stlik hissi — asosiy emotsiyalar.	O‘rta Yer dengizi uslubi
\.


--
-- Name: auth_group_id_seq; Type: SEQUENCE SET; Schema: public; Owner: annart_user
--

SELECT pg_catalog.setval('public.auth_group_id_seq', 1, false);


--
-- Name: auth_group_permissions_id_seq; Type: SEQUENCE SET; Schema: public; Owner: annart_user
--

SELECT pg_catalog.setval('public.auth_group_permissions_id_seq', 1, false);


--
-- Name: auth_permission_id_seq; Type: SEQUENCE SET; Schema: public; Owner: annart_user
--

SELECT pg_catalog.setval('public.auth_permission_id_seq', 64, true);


--
-- Name: auth_user_groups_id_seq; Type: SEQUENCE SET; Schema: public; Owner: annart_user
--

SELECT pg_catalog.setval('public.auth_user_groups_id_seq', 1, false);


--
-- Name: auth_user_id_seq; Type: SEQUENCE SET; Schema: public; Owner: annart_user
--

SELECT pg_catalog.setval('public.auth_user_id_seq', 1, false);


--
-- Name: auth_user_user_permissions_id_seq; Type: SEQUENCE SET; Schema: public; Owner: annart_user
--

SELECT pg_catalog.setval('public.auth_user_user_permissions_id_seq', 1, false);


--
-- Name: django_admin_log_id_seq; Type: SEQUENCE SET; Schema: public; Owner: annart_user
--

SELECT pg_catalog.setval('public.django_admin_log_id_seq', 1, false);


--
-- Name: django_content_type_id_seq; Type: SEQUENCE SET; Schema: public; Owner: annart_user
--

SELECT pg_catalog.setval('public.django_content_type_id_seq', 16, true);


--
-- Name: django_migrations_id_seq; Type: SEQUENCE SET; Schema: public; Owner: annart_user
--

SELECT pg_catalog.setval('public.django_migrations_id_seq', 41, true);


--
-- Name: main_guaranteeitem_id_seq; Type: SEQUENCE SET; Schema: public; Owner: annart_user
--

SELECT pg_catalog.setval('public.main_guaranteeitem_id_seq', 1, false);


--
-- Name: main_images_id_seq; Type: SEQUENCE SET; Schema: public; Owner: annart_user
--

SELECT pg_catalog.setval('public.main_images_id_seq', 4, true);


--
-- Name: main_installmentinfo_id_seq; Type: SEQUENCE SET; Schema: public; Owner: annart_user
--

SELECT pg_catalog.setval('public.main_installmentinfo_id_seq', 1, false);


--
-- Name: main_materialcategory_id_seq; Type: SEQUENCE SET; Schema: public; Owner: annart_user
--

SELECT pg_catalog.setval('public.main_materialcategory_id_seq', 9, true);


--
-- Name: main_materialitem_additional_images_id_seq; Type: SEQUENCE SET; Schema: public; Owner: annart_user
--

SELECT pg_catalog.setval('public.main_materialitem_additional_images_id_seq', 4, true);


--
-- Name: main_materialitem_id_seq; Type: SEQUENCE SET; Schema: public; Owner: annart_user
--

SELECT pg_catalog.setval('public.main_materialitem_id_seq', 36, true);


--
-- Name: main_partners_id_seq; Type: SEQUENCE SET; Schema: public; Owner: annart_user
--

SELECT pg_catalog.setval('public.main_partners_id_seq', 18, true);


--
-- Name: main_projectimages_id_seq; Type: SEQUENCE SET; Schema: public; Owner: annart_user
--

SELECT pg_catalog.setval('public.main_projectimages_id_seq', 8, true);


--
-- Name: main_projectitem_additional_images_id_seq; Type: SEQUENCE SET; Schema: public; Owner: annart_user
--

SELECT pg_catalog.setval('public.main_projectitem_additional_images_id_seq', 8, true);


--
-- Name: main_projectitem_id_seq; Type: SEQUENCE SET; Schema: public; Owner: annart_user
--

SELECT pg_catalog.setval('public.main_projectitem_id_seq', 24, true);


--
-- Name: main_serviceitem_id_seq; Type: SEQUENCE SET; Schema: public; Owner: annart_user
--

SELECT pg_catalog.setval('public.main_serviceitem_id_seq', 4, true);


--
-- Name: main_styleitem_id_seq; Type: SEQUENCE SET; Schema: public; Owner: annart_user
--

SELECT pg_catalog.setval('public.main_styleitem_id_seq', 27, true);


--
-- Name: auth_group auth_group_name_key; Type: CONSTRAINT; Schema: public; Owner: annart_user
--

ALTER TABLE ONLY public.auth_group
    ADD CONSTRAINT auth_group_name_key UNIQUE (name);


--
-- Name: auth_group_permissions auth_group_permissions_group_id_permission_id_0cd325b0_uniq; Type: CONSTRAINT; Schema: public; Owner: annart_user
--

ALTER TABLE ONLY public.auth_group_permissions
    ADD CONSTRAINT auth_group_permissions_group_id_permission_id_0cd325b0_uniq UNIQUE (group_id, permission_id);


--
-- Name: auth_group_permissions auth_group_permissions_pkey; Type: CONSTRAINT; Schema: public; Owner: annart_user
--

ALTER TABLE ONLY public.auth_group_permissions
    ADD CONSTRAINT auth_group_permissions_pkey PRIMARY KEY (id);


--
-- Name: auth_group auth_group_pkey; Type: CONSTRAINT; Schema: public; Owner: annart_user
--

ALTER TABLE ONLY public.auth_group
    ADD CONSTRAINT auth_group_pkey PRIMARY KEY (id);


--
-- Name: auth_permission auth_permission_content_type_id_codename_01ab375a_uniq; Type: CONSTRAINT; Schema: public; Owner: annart_user
--

ALTER TABLE ONLY public.auth_permission
    ADD CONSTRAINT auth_permission_content_type_id_codename_01ab375a_uniq UNIQUE (content_type_id, codename);


--
-- Name: auth_permission auth_permission_pkey; Type: CONSTRAINT; Schema: public; Owner: annart_user
--

ALTER TABLE ONLY public.auth_permission
    ADD CONSTRAINT auth_permission_pkey PRIMARY KEY (id);


--
-- Name: auth_user_groups auth_user_groups_pkey; Type: CONSTRAINT; Schema: public; Owner: annart_user
--

ALTER TABLE ONLY public.auth_user_groups
    ADD CONSTRAINT auth_user_groups_pkey PRIMARY KEY (id);


--
-- Name: auth_user_groups auth_user_groups_user_id_group_id_94350c0c_uniq; Type: CONSTRAINT; Schema: public; Owner: annart_user
--

ALTER TABLE ONLY public.auth_user_groups
    ADD CONSTRAINT auth_user_groups_user_id_group_id_94350c0c_uniq UNIQUE (user_id, group_id);


--
-- Name: auth_user auth_user_pkey; Type: CONSTRAINT; Schema: public; Owner: annart_user
--

ALTER TABLE ONLY public.auth_user
    ADD CONSTRAINT auth_user_pkey PRIMARY KEY (id);


--
-- Name: auth_user_user_permissions auth_user_user_permissions_pkey; Type: CONSTRAINT; Schema: public; Owner: annart_user
--

ALTER TABLE ONLY public.auth_user_user_permissions
    ADD CONSTRAINT auth_user_user_permissions_pkey PRIMARY KEY (id);


--
-- Name: auth_user_user_permissions auth_user_user_permissions_user_id_permission_id_14a6b632_uniq; Type: CONSTRAINT; Schema: public; Owner: annart_user
--

ALTER TABLE ONLY public.auth_user_user_permissions
    ADD CONSTRAINT auth_user_user_permissions_user_id_permission_id_14a6b632_uniq UNIQUE (user_id, permission_id);


--
-- Name: auth_user auth_user_username_key; Type: CONSTRAINT; Schema: public; Owner: annart_user
--

ALTER TABLE ONLY public.auth_user
    ADD CONSTRAINT auth_user_username_key UNIQUE (username);


--
-- Name: django_admin_log django_admin_log_pkey; Type: CONSTRAINT; Schema: public; Owner: annart_user
--

ALTER TABLE ONLY public.django_admin_log
    ADD CONSTRAINT django_admin_log_pkey PRIMARY KEY (id);


--
-- Name: django_content_type django_content_type_app_label_model_76bd3d3b_uniq; Type: CONSTRAINT; Schema: public; Owner: annart_user
--

ALTER TABLE ONLY public.django_content_type
    ADD CONSTRAINT django_content_type_app_label_model_76bd3d3b_uniq UNIQUE (app_label, model);


--
-- Name: django_content_type django_content_type_pkey; Type: CONSTRAINT; Schema: public; Owner: annart_user
--

ALTER TABLE ONLY public.django_content_type
    ADD CONSTRAINT django_content_type_pkey PRIMARY KEY (id);


--
-- Name: django_migrations django_migrations_pkey; Type: CONSTRAINT; Schema: public; Owner: annart_user
--

ALTER TABLE ONLY public.django_migrations
    ADD CONSTRAINT django_migrations_pkey PRIMARY KEY (id);


--
-- Name: django_session django_session_pkey; Type: CONSTRAINT; Schema: public; Owner: annart_user
--

ALTER TABLE ONLY public.django_session
    ADD CONSTRAINT django_session_pkey PRIMARY KEY (session_key);


--
-- Name: main_guaranteeitem main_guaranteeitem_pkey; Type: CONSTRAINT; Schema: public; Owner: annart_user
--

ALTER TABLE ONLY public.main_guaranteeitem
    ADD CONSTRAINT main_guaranteeitem_pkey PRIMARY KEY (id);


--
-- Name: main_materialimages main_images_pkey; Type: CONSTRAINT; Schema: public; Owner: annart_user
--

ALTER TABLE ONLY public.main_materialimages
    ADD CONSTRAINT main_images_pkey PRIMARY KEY (id);


--
-- Name: main_installmentinfo main_installmentinfo_pkey; Type: CONSTRAINT; Schema: public; Owner: annart_user
--

ALTER TABLE ONLY public.main_installmentinfo
    ADD CONSTRAINT main_installmentinfo_pkey PRIMARY KEY (id);


--
-- Name: main_materialcategory main_materialcategory_name_en_key; Type: CONSTRAINT; Schema: public; Owner: annart_user
--

ALTER TABLE ONLY public.main_materialcategory
    ADD CONSTRAINT main_materialcategory_name_en_key UNIQUE (name_en);


--
-- Name: main_materialcategory main_materialcategory_name_key; Type: CONSTRAINT; Schema: public; Owner: annart_user
--

ALTER TABLE ONLY public.main_materialcategory
    ADD CONSTRAINT main_materialcategory_name_key UNIQUE (name);


--
-- Name: main_materialcategory main_materialcategory_name_ru_key; Type: CONSTRAINT; Schema: public; Owner: annart_user
--

ALTER TABLE ONLY public.main_materialcategory
    ADD CONSTRAINT main_materialcategory_name_ru_key UNIQUE (name_ru);


--
-- Name: main_materialcategory main_materialcategory_name_uz_key; Type: CONSTRAINT; Schema: public; Owner: annart_user
--

ALTER TABLE ONLY public.main_materialcategory
    ADD CONSTRAINT main_materialcategory_name_uz_key UNIQUE (name_uz);


--
-- Name: main_materialcategory main_materialcategory_pkey; Type: CONSTRAINT; Schema: public; Owner: annart_user
--

ALTER TABLE ONLY public.main_materialcategory
    ADD CONSTRAINT main_materialcategory_pkey PRIMARY KEY (id);


--
-- Name: main_materialitem_additional_images main_materialitem_additi_materialitem_id_images_i_2f60fad3_uniq; Type: CONSTRAINT; Schema: public; Owner: annart_user
--

ALTER TABLE ONLY public.main_materialitem_additional_images
    ADD CONSTRAINT main_materialitem_additi_materialitem_id_images_i_2f60fad3_uniq UNIQUE (materialitem_id, materialimages_id);


--
-- Name: main_materialitem_additional_images main_materialitem_additional_images_pkey; Type: CONSTRAINT; Schema: public; Owner: annart_user
--

ALTER TABLE ONLY public.main_materialitem_additional_images
    ADD CONSTRAINT main_materialitem_additional_images_pkey PRIMARY KEY (id);


--
-- Name: main_materialitem main_materialitem_pkey; Type: CONSTRAINT; Schema: public; Owner: annart_user
--

ALTER TABLE ONLY public.main_materialitem
    ADD CONSTRAINT main_materialitem_pkey PRIMARY KEY (id);


--
-- Name: main_materialitem main_materialitem_title_18fceaa2_uniq; Type: CONSTRAINT; Schema: public; Owner: annart_user
--

ALTER TABLE ONLY public.main_materialitem
    ADD CONSTRAINT main_materialitem_title_18fceaa2_uniq UNIQUE (title);


--
-- Name: main_materialitem main_materialitem_title_en_key; Type: CONSTRAINT; Schema: public; Owner: annart_user
--

ALTER TABLE ONLY public.main_materialitem
    ADD CONSTRAINT main_materialitem_title_en_key UNIQUE (title_en);


--
-- Name: main_materialitem main_materialitem_title_ru_key; Type: CONSTRAINT; Schema: public; Owner: annart_user
--

ALTER TABLE ONLY public.main_materialitem
    ADD CONSTRAINT main_materialitem_title_ru_key UNIQUE (title_ru);


--
-- Name: main_materialitem main_materialitem_title_uz_key; Type: CONSTRAINT; Schema: public; Owner: annart_user
--

ALTER TABLE ONLY public.main_materialitem
    ADD CONSTRAINT main_materialitem_title_uz_key UNIQUE (title_uz);


--
-- Name: main_partners main_partners_name_key; Type: CONSTRAINT; Schema: public; Owner: annart_user
--

ALTER TABLE ONLY public.main_partners
    ADD CONSTRAINT main_partners_name_key UNIQUE (name);


--
-- Name: main_partners main_partners_pkey; Type: CONSTRAINT; Schema: public; Owner: annart_user
--

ALTER TABLE ONLY public.main_partners
    ADD CONSTRAINT main_partners_pkey PRIMARY KEY (id);


--
-- Name: main_projectimages main_projectimages_pkey; Type: CONSTRAINT; Schema: public; Owner: annart_user
--

ALTER TABLE ONLY public.main_projectimages
    ADD CONSTRAINT main_projectimages_pkey PRIMARY KEY (id);


--
-- Name: main_projectitem_additional_images main_projectitem_additio_projectitem_id_images_id_4f1c3661_uniq; Type: CONSTRAINT; Schema: public; Owner: annart_user
--

ALTER TABLE ONLY public.main_projectitem_additional_images
    ADD CONSTRAINT main_projectitem_additio_projectitem_id_images_id_4f1c3661_uniq UNIQUE (projectitem_id, projectimages_id);


--
-- Name: main_projectitem_additional_images main_projectitem_additional_images_pkey; Type: CONSTRAINT; Schema: public; Owner: annart_user
--

ALTER TABLE ONLY public.main_projectitem_additional_images
    ADD CONSTRAINT main_projectitem_additional_images_pkey PRIMARY KEY (id);


--
-- Name: main_projectitem main_projectitem_pkey; Type: CONSTRAINT; Schema: public; Owner: annart_user
--

ALTER TABLE ONLY public.main_projectitem
    ADD CONSTRAINT main_projectitem_pkey PRIMARY KEY (id);


--
-- Name: main_serviceitem main_serviceitem_pkey; Type: CONSTRAINT; Schema: public; Owner: annart_user
--

ALTER TABLE ONLY public.main_serviceitem
    ADD CONSTRAINT main_serviceitem_pkey PRIMARY KEY (id);


--
-- Name: main_styleitem main_styleitem_pkey; Type: CONSTRAINT; Schema: public; Owner: annart_user
--

ALTER TABLE ONLY public.main_styleitem
    ADD CONSTRAINT main_styleitem_pkey PRIMARY KEY (id);


--
-- Name: auth_group_name_a6ea08ec_like; Type: INDEX; Schema: public; Owner: annart_user
--

CREATE INDEX auth_group_name_a6ea08ec_like ON public.auth_group USING btree (name varchar_pattern_ops);


--
-- Name: auth_group_permissions_group_id_b120cbf9; Type: INDEX; Schema: public; Owner: annart_user
--

CREATE INDEX auth_group_permissions_group_id_b120cbf9 ON public.auth_group_permissions USING btree (group_id);


--
-- Name: auth_group_permissions_permission_id_84c5c92e; Type: INDEX; Schema: public; Owner: annart_user
--

CREATE INDEX auth_group_permissions_permission_id_84c5c92e ON public.auth_group_permissions USING btree (permission_id);


--
-- Name: auth_permission_content_type_id_2f476e4b; Type: INDEX; Schema: public; Owner: annart_user
--

CREATE INDEX auth_permission_content_type_id_2f476e4b ON public.auth_permission USING btree (content_type_id);


--
-- Name: auth_user_groups_group_id_97559544; Type: INDEX; Schema: public; Owner: annart_user
--

CREATE INDEX auth_user_groups_group_id_97559544 ON public.auth_user_groups USING btree (group_id);


--
-- Name: auth_user_groups_user_id_6a12ed8b; Type: INDEX; Schema: public; Owner: annart_user
--

CREATE INDEX auth_user_groups_user_id_6a12ed8b ON public.auth_user_groups USING btree (user_id);


--
-- Name: auth_user_user_permissions_permission_id_1fbb5f2c; Type: INDEX; Schema: public; Owner: annart_user
--

CREATE INDEX auth_user_user_permissions_permission_id_1fbb5f2c ON public.auth_user_user_permissions USING btree (permission_id);


--
-- Name: auth_user_user_permissions_user_id_a95ead1b; Type: INDEX; Schema: public; Owner: annart_user
--

CREATE INDEX auth_user_user_permissions_user_id_a95ead1b ON public.auth_user_user_permissions USING btree (user_id);


--
-- Name: auth_user_username_6821ab7c_like; Type: INDEX; Schema: public; Owner: annart_user
--

CREATE INDEX auth_user_username_6821ab7c_like ON public.auth_user USING btree (username varchar_pattern_ops);


--
-- Name: django_admin_log_content_type_id_c4bce8eb; Type: INDEX; Schema: public; Owner: annart_user
--

CREATE INDEX django_admin_log_content_type_id_c4bce8eb ON public.django_admin_log USING btree (content_type_id);


--
-- Name: django_admin_log_user_id_c564eba6; Type: INDEX; Schema: public; Owner: annart_user
--

CREATE INDEX django_admin_log_user_id_c564eba6 ON public.django_admin_log USING btree (user_id);


--
-- Name: django_session_expire_date_a5c62663; Type: INDEX; Schema: public; Owner: annart_user
--

CREATE INDEX django_session_expire_date_a5c62663 ON public.django_session USING btree (expire_date);


--
-- Name: django_session_session_key_c0390e0f_like; Type: INDEX; Schema: public; Owner: annart_user
--

CREATE INDEX django_session_session_key_c0390e0f_like ON public.django_session USING btree (session_key varchar_pattern_ops);


--
-- Name: main_materialcategory_name_8f9731aa_like; Type: INDEX; Schema: public; Owner: annart_user
--

CREATE INDEX main_materialcategory_name_8f9731aa_like ON public.main_materialcategory USING btree (name varchar_pattern_ops);


--
-- Name: main_materialcategory_name_en_e575de50_like; Type: INDEX; Schema: public; Owner: annart_user
--

CREATE INDEX main_materialcategory_name_en_e575de50_like ON public.main_materialcategory USING btree (name_en varchar_pattern_ops);


--
-- Name: main_materialcategory_name_ru_25d1242f_like; Type: INDEX; Schema: public; Owner: annart_user
--

CREATE INDEX main_materialcategory_name_ru_25d1242f_like ON public.main_materialcategory USING btree (name_ru varchar_pattern_ops);


--
-- Name: main_materialcategory_name_uz_06c74256_like; Type: INDEX; Schema: public; Owner: annart_user
--

CREATE INDEX main_materialcategory_name_uz_06c74256_like ON public.main_materialcategory USING btree (name_uz varchar_pattern_ops);


--
-- Name: main_materialitem_additional_images_images_id_44028b0f; Type: INDEX; Schema: public; Owner: annart_user
--

CREATE INDEX main_materialitem_additional_images_images_id_44028b0f ON public.main_materialitem_additional_images USING btree (materialimages_id);


--
-- Name: main_materialitem_additional_images_materialitem_id_92e7564e; Type: INDEX; Schema: public; Owner: annart_user
--

CREATE INDEX main_materialitem_additional_images_materialitem_id_92e7564e ON public.main_materialitem_additional_images USING btree (materialitem_id);


--
-- Name: main_materialitem_category_id_d0dbcd6d; Type: INDEX; Schema: public; Owner: annart_user
--

CREATE INDEX main_materialitem_category_id_d0dbcd6d ON public.main_materialitem USING btree (category_id);


--
-- Name: main_materialitem_title_18fceaa2_like; Type: INDEX; Schema: public; Owner: annart_user
--

CREATE INDEX main_materialitem_title_18fceaa2_like ON public.main_materialitem USING btree (title varchar_pattern_ops);


--
-- Name: main_materialitem_title_en_dc11c228_like; Type: INDEX; Schema: public; Owner: annart_user
--

CREATE INDEX main_materialitem_title_en_dc11c228_like ON public.main_materialitem USING btree (title_en varchar_pattern_ops);


--
-- Name: main_materialitem_title_ru_88da22d7_like; Type: INDEX; Schema: public; Owner: annart_user
--

CREATE INDEX main_materialitem_title_ru_88da22d7_like ON public.main_materialitem USING btree (title_ru varchar_pattern_ops);


--
-- Name: main_materialitem_title_uz_6b12ceca_like; Type: INDEX; Schema: public; Owner: annart_user
--

CREATE INDEX main_materialitem_title_uz_6b12ceca_like ON public.main_materialitem USING btree (title_uz varchar_pattern_ops);


--
-- Name: main_partners_name_89576ebf_like; Type: INDEX; Schema: public; Owner: annart_user
--

CREATE INDEX main_partners_name_89576ebf_like ON public.main_partners USING btree (name varchar_pattern_ops);


--
-- Name: main_projectitem_additional_images_images_id_76d48adc; Type: INDEX; Schema: public; Owner: annart_user
--

CREATE INDEX main_projectitem_additional_images_images_id_76d48adc ON public.main_projectitem_additional_images USING btree (projectimages_id);


--
-- Name: main_projectitem_additional_images_projectitem_id_17322d32; Type: INDEX; Schema: public; Owner: annart_user
--

CREATE INDEX main_projectitem_additional_images_projectitem_id_17322d32 ON public.main_projectitem_additional_images USING btree (projectitem_id);


--
-- Name: auth_group_permissions auth_group_permissio_permission_id_84c5c92e_fk_auth_perm; Type: FK CONSTRAINT; Schema: public; Owner: annart_user
--

ALTER TABLE ONLY public.auth_group_permissions
    ADD CONSTRAINT auth_group_permissio_permission_id_84c5c92e_fk_auth_perm FOREIGN KEY (permission_id) REFERENCES public.auth_permission(id) DEFERRABLE INITIALLY DEFERRED;


--
-- Name: auth_group_permissions auth_group_permissions_group_id_b120cbf9_fk_auth_group_id; Type: FK CONSTRAINT; Schema: public; Owner: annart_user
--

ALTER TABLE ONLY public.auth_group_permissions
    ADD CONSTRAINT auth_group_permissions_group_id_b120cbf9_fk_auth_group_id FOREIGN KEY (group_id) REFERENCES public.auth_group(id) DEFERRABLE INITIALLY DEFERRED;


--
-- Name: auth_permission auth_permission_content_type_id_2f476e4b_fk_django_co; Type: FK CONSTRAINT; Schema: public; Owner: annart_user
--

ALTER TABLE ONLY public.auth_permission
    ADD CONSTRAINT auth_permission_content_type_id_2f476e4b_fk_django_co FOREIGN KEY (content_type_id) REFERENCES public.django_content_type(id) DEFERRABLE INITIALLY DEFERRED;


--
-- Name: auth_user_groups auth_user_groups_group_id_97559544_fk_auth_group_id; Type: FK CONSTRAINT; Schema: public; Owner: annart_user
--

ALTER TABLE ONLY public.auth_user_groups
    ADD CONSTRAINT auth_user_groups_group_id_97559544_fk_auth_group_id FOREIGN KEY (group_id) REFERENCES public.auth_group(id) DEFERRABLE INITIALLY DEFERRED;


--
-- Name: auth_user_groups auth_user_groups_user_id_6a12ed8b_fk_auth_user_id; Type: FK CONSTRAINT; Schema: public; Owner: annart_user
--

ALTER TABLE ONLY public.auth_user_groups
    ADD CONSTRAINT auth_user_groups_user_id_6a12ed8b_fk_auth_user_id FOREIGN KEY (user_id) REFERENCES public.auth_user(id) DEFERRABLE INITIALLY DEFERRED;


--
-- Name: auth_user_user_permissions auth_user_user_permi_permission_id_1fbb5f2c_fk_auth_perm; Type: FK CONSTRAINT; Schema: public; Owner: annart_user
--

ALTER TABLE ONLY public.auth_user_user_permissions
    ADD CONSTRAINT auth_user_user_permi_permission_id_1fbb5f2c_fk_auth_perm FOREIGN KEY (permission_id) REFERENCES public.auth_permission(id) DEFERRABLE INITIALLY DEFERRED;


--
-- Name: auth_user_user_permissions auth_user_user_permissions_user_id_a95ead1b_fk_auth_user_id; Type: FK CONSTRAINT; Schema: public; Owner: annart_user
--

ALTER TABLE ONLY public.auth_user_user_permissions
    ADD CONSTRAINT auth_user_user_permissions_user_id_a95ead1b_fk_auth_user_id FOREIGN KEY (user_id) REFERENCES public.auth_user(id) DEFERRABLE INITIALLY DEFERRED;


--
-- Name: django_admin_log django_admin_log_content_type_id_c4bce8eb_fk_django_co; Type: FK CONSTRAINT; Schema: public; Owner: annart_user
--

ALTER TABLE ONLY public.django_admin_log
    ADD CONSTRAINT django_admin_log_content_type_id_c4bce8eb_fk_django_co FOREIGN KEY (content_type_id) REFERENCES public.django_content_type(id) DEFERRABLE INITIALLY DEFERRED;


--
-- Name: django_admin_log django_admin_log_user_id_c564eba6_fk_auth_user_id; Type: FK CONSTRAINT; Schema: public; Owner: annart_user
--

ALTER TABLE ONLY public.django_admin_log
    ADD CONSTRAINT django_admin_log_user_id_c564eba6_fk_auth_user_id FOREIGN KEY (user_id) REFERENCES public.auth_user(id) DEFERRABLE INITIALLY DEFERRED;


--
-- Name: main_materialitem_additional_images main_materialitem_ad_materialimages_id_fca4cdaa_fk_main_mate; Type: FK CONSTRAINT; Schema: public; Owner: annart_user
--

ALTER TABLE ONLY public.main_materialitem_additional_images
    ADD CONSTRAINT main_materialitem_ad_materialimages_id_fca4cdaa_fk_main_mate FOREIGN KEY (materialimages_id) REFERENCES public.main_materialimages(id) DEFERRABLE INITIALLY DEFERRED;


--
-- Name: main_materialitem_additional_images main_materialitem_ad_materialitem_id_92e7564e_fk_main_mate; Type: FK CONSTRAINT; Schema: public; Owner: annart_user
--

ALTER TABLE ONLY public.main_materialitem_additional_images
    ADD CONSTRAINT main_materialitem_ad_materialitem_id_92e7564e_fk_main_mate FOREIGN KEY (materialitem_id) REFERENCES public.main_materialitem(id) DEFERRABLE INITIALLY DEFERRED;


--
-- Name: main_materialitem main_materialitem_category_id_d0dbcd6d_fk_main_mate; Type: FK CONSTRAINT; Schema: public; Owner: annart_user
--

ALTER TABLE ONLY public.main_materialitem
    ADD CONSTRAINT main_materialitem_category_id_d0dbcd6d_fk_main_mate FOREIGN KEY (category_id) REFERENCES public.main_materialcategory(id) DEFERRABLE INITIALLY DEFERRED;


--
-- Name: main_projectitem_additional_images main_projectitem_add_projectimages_id_88615877_fk_main_proj; Type: FK CONSTRAINT; Schema: public; Owner: annart_user
--

ALTER TABLE ONLY public.main_projectitem_additional_images
    ADD CONSTRAINT main_projectitem_add_projectimages_id_88615877_fk_main_proj FOREIGN KEY (projectimages_id) REFERENCES public.main_projectimages(id) DEFERRABLE INITIALLY DEFERRED;


--
-- Name: main_projectitem_additional_images main_projectitem_add_projectitem_id_17322d32_fk_main_proj; Type: FK CONSTRAINT; Schema: public; Owner: annart_user
--

ALTER TABLE ONLY public.main_projectitem_additional_images
    ADD CONSTRAINT main_projectitem_add_projectitem_id_17322d32_fk_main_proj FOREIGN KEY (projectitem_id) REFERENCES public.main_projectitem(id) DEFERRABLE INITIALLY DEFERRED;


--
-- PostgreSQL database dump complete
--

